=== round 1 2026-09-27 18:31:22
/home/admin/greenlab_exp/experiment-runner/experiment-runner/__main__.py:44: DeprecationWarning: ast.Str is deprecated and will be removed in Python 3.14; use ast.Constant instead
  if isinstance(docstring_node, ast.Str):
/home/admin/greenlab_exp/experiment-runner/experiment-runner/__main__.py:45: DeprecationWarning: Attribute s is deprecated and will be removed in Python 3.14; use value instead
  docstring_node.s = ''
=======================  ========================================================
Key                      Value
=======================  ========================================================
ROOT_DIR                 /home/admin/greenlab_exp/ww-experiment
experiment_path          /home/admin/greenlab_exp/experiments/ww_vllm_sglang_gx10
name                     ww_vllm_sglang_gx10
operation_type           OperationType.AUTO
results_output_path      /home/admin/greenlab_exp/experiments
run_table_model
self_measure             False
time_between_runs_in_ms  0
=======================  ========================================================
[EXPERIMENT_RUNNER]:  [93mExperiment run table created...[0m
[EXPERIMENT_RUNNER]:  [92mExperiment setup completed...[0m
[EXPERIMENT_RUNNER]:  [93mCalling before_experiment config hook[0m
[ww 18:31:23] recording 60 s idle baseline
[ww 18:32:23] idle baseline: {
  "power_W": 4.342291986443511,
  "temp_C": 33.0,
  "cpu_util_pct": 0.259
}
[EXPERIMENT_RUNNER]:  [93mCalling before_run config hook[0m

-----------------NEW RUN [1 / 260]-----------------

[EXPERIMENT_RUNNER]:  [93mCalling start_run config hook[0m
[ww 18:32:23] run run_16_repetition_0: {'model': 'llama', 'engine': 'sglang', 'profile': 'agentic', 'context': 'medium'}
[ww 18:35:31] sglang ready in 182.13 s; warm-up 60 s
[EXPERIMENT_RUNNER]:  [93m... Starting measurement ...[0m
[EXPERIMENT_RUNNER]:  [93mCalling interaction config hook[0m
[ww 18:36:46] measured phase: 176 units at concurrency 8
[EXPERIMENT_RUNNER]:  [92m... Run completed ...[0m
[EXPERIMENT_RUNNER]:  [93m... Stopping measurement ...[0m
[EXPERIMENT_RUNNER]:  [93mCalling stop_run config hook[0m
[EXPERIMENT_RUNNER]:  [93mCalling populate_run_data config hook[0m
[ww 18:45:28] result: valid=1  E_tok=0.363214 J/tok window=210.967 s
[EXPERIMENT_RUNNER]:  [93mCSVManager: Updated row run_16_repetition_0[0m
[EXPERIMENT_RUNNER]:  [93mCalling before_run config hook[0m

-----------------NEW RUN [2 / 260]-----------------

[EXPERIMENT_RUNNER]:  [93mCalling start_run config hook[0m
[ww 18:45:28] run run_17_repetition_0: {'model': 'llama', 'engine': 'sglang', 'profile': 'agentic', 'context': 'large'}
[ww 18:48:26] sglang ready in 173.13 s; warm-up 60 s
[EXPERIMENT_RUNNER]:  [93m... Starting measurement ...[0m
[EXPERIMENT_RUNNER]:  [93mCalling interaction config hook[0m
[ww 18:49:45] measured phase: 120 units at concurrency 8
[EXPERIMENT_RUNNER]:  [92m... Run completed ...[0m
[EXPERIMENT_RUNNER]:  [93m... Stopping measurement ...[0m
[EXPERIMENT_RUNNER]:  [93mCalling stop_run config hook[0m
[EXPERIMENT_RUNNER]:  [93mCalling populate_run_data config hook[0m
[ww 18:58:29] result: valid=1  E_tok=0.736873 J/tok window=214.379 s
[EXPERIMENT_RUNNER]:  [93mCSVManager: Updated row run_17_repetition_0[0m
[EXPERIMENT_RUNNER]:  [93mCalling before_run config hook[0m

-----------------NEW RUN [3 / 260]-----------------

[EXPERIMENT_RUNNER]:  [93mCalling start_run config hook[0m
[ww 18:58:29] run run_5_repetition_0: {'model': 'llama', 'engine': 'vllm', 'profile': 'chat', 'context': 'large'}
[ww 19:00:55] vllm ready in 141.13 s; warm-up 60 s
[EXPERIMENT_RUNNER]:  [93m... Starting measurement ...[0m
[EXPERIMENT_RUNNER]:  [93mCalling interaction config hook[0m
[ww 19:02:11] measured phase: 32 units at concurrency 8
[EXPERIMENT_RUNNER]:  [92m... Run completed ...[0m
[EXPERIMENT_RUNNER]:  [93m... Stopping measurement ...[0m
[EXPERIMENT_RUNNER]:  [93mCalling stop_run config hook[0m
[EXPERIMENT_RUNNER]:  [93mCalling populate_run_data config hook[0m
[ww 19:11:55] result: valid=1  E_tok=0.762682 J/tok window=275.665 s
[EXPERIMENT_RUNNER]:  [93mCSVManager: Updated row run_5_repetition_0[0m
[EXPERIMENT_RUNNER]:  [93mCalling before_run config hook[0m

-----------------NEW RUN [4 / 260]-----------------

[EXPERIMENT_RUNNER]:  [93mCalling start_run config hook[0m
[ww 19:11:55] run run_6_repetition_0: {'model': 'llama', 'engine': 'vllm', 'profile': 'agentic', 'context': 'small'}
[ww 19:13:54] vllm ready in 114.09 s; warm-up 60 s
[EXPERIMENT_RUNNER]:  [93m... Starting measurement ...[0m
[EXPERIMENT_RUNNER]:  [93mCalling interaction config hook[0m
[ww 19:15:10] measured phase: 192 units at concurrency 8
[EXPERIMENT_RUNNER]:  [92m... Run completed ...[0m
[EXPERIMENT_RUNNER]:  [93m... Stopping measurement ...[0m
[EXPERIMENT_RUNNER]:  [93mCalling stop_run config hook[0m
[EXPERIMENT_RUNNER]:  [93mCalling populate_run_data config hook[0m
[ww 19:23:48] result: valid=1  E_tok=0.280294 J/tok window=211.29 s
[EXPERIMENT_RUNNER]:  [93mCSVManager: Updated row run_6_repetition_0[0m
[EXPERIMENT_RUNNER]:  [93mCalling before_run config hook[0m

-----------------NEW RUN [5 / 260]-----------------

[EXPERIMENT_RUNNER]:  [93mCalling start_run config hook[0m
[ww 19:23:48] run run_8_repetition_0: {'model': 'llama', 'engine': 'vllm', 'profile': 'agentic', 'context': 'large'}
[ww 19:26:14] vllm ready in 141.09 s; warm-up 60 s
[EXPERIMENT_RUNNER]:  [93m... Starting measurement ...[0m
[EXPERIMENT_RUNNER]:  [93mCalling interaction config hook[0m
[ww 19:27:25] measured phase: 120 units at concurrency 8
[EXPERIMENT_RUNNER]:  [92m... Run completed ...[0m
[EXPERIMENT_RUNNER]:  [93m... Stopping measurement ...[0m
[EXPERIMENT_RUNNER]:  [93mCalling stop_run config hook[0m
[EXPERIMENT_RUNNER]:  [93mCalling populate_run_data config hook[0m
[ww 19:36:33] result: valid=1  E_tok=0.795973 J/tok window=237.612 s
[EXPERIMENT_RUNNER]:  [93mCSVManager: Updated row run_8_repetition_0[0m
[EXPERIMENT_RUNNER]:  [93mCalling before_run config hook[0m

-----------------NEW RUN [6 / 260]-----------------

[EXPERIMENT_RUNNER]:  [93mCalling start_run config hook[0m
[ww 19:36:33] run run_13_repetition_0: {'model': 'llama', 'engine': 'sglang', 'profile': 'chat', 'context': 'medium'}
[ww 19:39:30] sglang ready in 172.12 s; warm-up 60 s
[EXPERIMENT_RUNNER]:  [93m... Starting measurement ...[0m
[EXPERIMENT_RUNNER]:  [93mCalling interaction config hook[0m
[ww 19:41:00] measured phase: 40 units at concurrency 8
[EXPERIMENT_RUNNER]:  [92m... Run completed ...[0m
[EXPERIMENT_RUNNER]:  [93m... Stopping measurement ...[0m
[EXPERIMENT_RUNNER]:  [93mCalling stop_run config hook[0m
[EXPERIMENT_RUNNER]:  [93mCalling populate_run_data config hook[0m
[ww 19:49:38] result: valid=1  E_tok=0.384924 J/tok window=211.134 s
[EXPERIMENT_RUNNER]:  [93mCSVManager: Updated row run_13_repetition_0[0m
[EXPERIMENT_RUNNER]:  [93mCalling before_run config hook[0m

-----------------NEW RUN [7 / 260]-----------------

[EXPERIMENT_RUNNER]:  [93mCalling start_run config hook[0m
[ww 19:49:38] run run_14_repetition_0: {'model': 'llama', 'engine': 'sglang', 'profile': 'chat', 'context': 'large'}
[ww 19:52:23] sglang ready in 160.14 s; warm-up 60 s
[EXPERIMENT_RUNNER]:  [93m... Starting measurement ...[0m
[EXPERIMENT_RUNNER]:  [93mCalling interaction config hook[0m
[ww 19:53:35] measured phase: 32 units at concurrency 8
[EXPERIMENT_RUNNER]:  [92m... Run completed ...[0m
[EXPERIMENT_RUNNER]:  [93m... Stopping measurement ...[0m
[EXPERIMENT_RUNNER]:  [93mCalling stop_run config hook[0m
[EXPERIMENT_RUNNER]:  [93mCalling populate_run_data config hook[0m
[ww 20:03:14] result: valid=1  E_tok=0.769369 J/tok window=266.731 s
[EXPERIMENT_RUNNER]:  [93mCSVManager: Updated row run_14_repetition_0[0m
[EXPERIMENT_RUNNER]:  [93mCalling before_run config hook[0m

-----------------NEW RUN [8 / 260]-----------------

[EXPERIMENT_RUNNER]:  [93mCalling start_run config hook[0m
[ww 20:03:14] run run_0_repetition_0: {'model': 'llama', 'engine': 'vllm', 'profile': 'api', 'context': 'small'}
[ww 20:05:41] vllm ready in 142.08 s; warm-up 60 s
[EXPERIMENT_RUNNER]:  [93m... Starting measurement ...[0m
[EXPERIMENT_RUNNER]:  [93mCalling interaction config hook[0m
[ww 20:06:53] measured phase: 184 units at concurrency 8
[EXPERIMENT_RUNNER]:  [92m... Run completed ...[0m
[EXPERIMENT_RUNNER]:  [93m... Stopping measurement ...[0m
[EXPERIMENT_RUNNER]:  [93mCalling stop_run config hook[0m
[EXPERIMENT_RUNNER]:  [93mCalling populate_run_data config hook[0m
[ww 20:15:36] result: valid=1  E_tok=0.326968 J/tok window=216.683 s
[EXPERIMENT_RUNNER]:  [93mCSVManager: Updated row run_0_repetition_0[0m
[EXPERIMENT_RUNNER]:  [93mCalling before_run config hook[0m

-----------------NEW RUN [9 / 260]-----------------

[EXPERIMENT_RUNNER]:  [93mCalling start_run config hook[0m
[ww 20:15:36] run run_19_repetition_0: {'model': 'qwen', 'engine': 'vllm', 'profile': 'api', 'context': 'large'}
[ww 20:17:52] vllm ready in 131.08 s; warm-up 60 s
[EXPERIMENT_RUNNER]:  [93m... Starting measurement ...[0m
[EXPERIMENT_RUNNER]:  [93mCalling interaction config hook[0m
[ww 20:19:10] measured phase: 80 units at concurrency 8
[EXPERIMENT_RUNNER]:  [92m... Run completed ...[0m
[EXPERIMENT_RUNNER]:  [93m... Stopping measurement ...[0m
[EXPERIMENT_RUNNER]:  [93mCalling stop_run config hook[0m
[EXPERIMENT_RUNNER]:  [93mCalling populate_run_data config hook[0m
[ww 20:28:18] result: valid=1  E_tok=1.67252 J/tok window=242.005 s
[EXPERIMENT_RUNNER]:  [93mCSVManager: Updated row run_19_repetition_0[0m
[EXPERIMENT_RUNNER]:  [93mCalling before_run config hook[0m

-----------------NEW RUN [10 / 260]-----------------

[EXPERIMENT_RUNNER]:  [93mCalling start_run config hook[0m
[ww 20:28:18] run run_4_repetition_0: {'model': 'llama', 'engine': 'vllm', 'profile': 'chat', 'context': 'medium'}
[ww 20:30:40] vllm ready in 136.08 s; warm-up 60 s
[EXPERIMENT_RUNNER]:  [93m... Starting measurement ...[0m
[EXPERIMENT_RUNNER]:  [93mCalling interaction config hook[0m
[ww 20:32:09] measured phase: 40 units at concurrency 8
[EXPERIMENT_RUNNER]:  [92m... Run completed ...[0m
[EXPERIMENT_RUNNER]:  [93m... Stopping measurement ...[0m
[EXPERIMENT_RUNNER]:  [93mCalling stop_run config hook[0m
[EXPERIMENT_RUNNER]:  [93mCalling populate_run_data config hook[0m
[ww 20:40:47] result: valid=1  E_tok=0.421165 J/tok window=211.774 s
[EXPERIMENT_RUNNER]:  [93mCSVManager: Updated row run_4_repetition_0[0m
[EXPERIMENT_RUNNER]:  [93mCalling before_run config hook[0m

-----------------NEW RUN [11 / 260]-----------------

[EXPERIMENT_RUNNER]:  [93mCalling start_run config hook[0m
[ww 20:40:47] run run_25_repetition_0: {'model': 'qwen', 'engine': 'sglang', 'profile': 'agentic', 'context': 'large'}
[ww 20:43:24] sglang ready in 151.11 s; warm-up 60 s
[EXPERIMENT_RUNNER]:  [93m... Starting measurement ...[0m
[EXPERIMENT_RUNNER]:  [93mCalling interaction config hook[0m
[ww 20:44:32] measured phase: 144 units at concurrency 8
[EXPERIMENT_RUNNER]:  [92m... Run completed ...[0m
[EXPERIMENT_RUNNER]:  [93m... Stopping measurement ...[0m
[EXPERIMENT_RUNNER]:  [93mCalling stop_run config hook[0m
[EXPERIMENT_RUNNER]:  [93mCalling populate_run_data config hook[0m
[ww 20:53:25] result: valid=1  E_tok=0.613745 J/tok window=217.651 s
[EXPERIMENT_RUNNER]:  [93mCSVManager: Updated row run_25_repetition_0[0m
[EXPERIMENT_RUNNER]:  [93mCalling before_run config hook[0m

-----------------NEW RUN [12 / 260]-----------------

[EXPERIMENT_RUNNER]:  [93mCalling start_run config hook[0m
[ww 20:53:25] run run_23_repetition_0: {'model': 'qwen', 'engine': 'sglang', 'profile': 'api', 'context': 'large'}
[ww 20:56:12] sglang ready in 162.13 s; warm-up 60 s
[EXPERIMENT_RUNNER]:  [93m... Starting measurement ...[0m
[EXPERIMENT_RUNNER]:  [93mCalling interaction config hook[0m
[ww 20:57:26] measured phase: 80 units at concurrency 8
[EXPERIMENT_RUNNER]:  [92m... Run completed ...[0m
[EXPERIMENT_RUNNER]:  [93m... Stopping measurement ...[0m
[EXPERIMENT_RUNNER]:  [93mCalling stop_run config hook[0m
[EXPERIMENT_RUNNER]:  [93mCalling populate_run_data config hook[0m
[ww 21:06:28] result: valid=1  E_tok=1.316402 J/tok window=228.346 s
[EXPERIMENT_RUNNER]:  [93mCSVManager: Updated row run_23_repetition_0[0m
[EXPERIMENT_RUNNER]:  [93mCalling before_run config hook[0m

-----------------NEW RUN [13 / 260]-----------------

[EXPERIMENT_RUNNER]:  [93mCalling start_run config hook[0m
[ww 21:06:28] run run_18_repetition_0: {'model': 'qwen', 'engine': 'vllm', 'profile': 'api', 'context': 'small'}
[ww 21:08:38] vllm ready in 125.08 s; warm-up 60 s
[EXPERIMENT_RUNNER]:  [93m... Starting measurement ...[0m
[EXPERIMENT_RUNNER]:  [93mCalling interaction config hook[0m
[ww 21:09:53] measured phase: 192 units at concurrency 8
[EXPERIMENT_RUNNER]:  [92m... Run completed ...[0m
[EXPERIMENT_RUNNER]:  [93m... Stopping measurement ...[0m
[EXPERIMENT_RUNNER]:  [93mCalling stop_run config hook[0m
[EXPERIMENT_RUNNER]:  [93mCalling populate_run_data config hook[0m
[ww 21:18:31] result: valid=1  E_tok=0.312913 J/tok window=209.394 s
[EXPERIMENT_RUNNER]:  [93mCSVManager: Updated row run_18_repetition_0[0m
[EXPERIMENT_RUNNER]:  [93mCalling before_run config hook[0m

-----------------NEW RUN [14 / 260]-----------------

[EXPERIMENT_RUNNER]:  [93mCalling start_run config hook[0m
[ww 21:18:31] run run_20_repetition_0: {'model': 'qwen', 'engine': 'vllm', 'profile': 'agentic', 'context': 'small'}
[ww 21:20:42] vllm ready in 126.08 s; warm-up 60 s
[EXPERIMENT_RUNNER]:  [93m... Starting measurement ...[0m
[EXPERIMENT_RUNNER]:  [93mCalling interaction config hook[0m
[ww 21:21:53] measured phase: 208 units at concurrency 8
[EXPERIMENT_RUNNER]:  [92m... Run completed ...[0m
[EXPERIMENT_RUNNER]:  [93m... Stopping measurement ...[0m
[EXPERIMENT_RUNNER]:  [93mCalling stop_run config hook[0m
[EXPERIMENT_RUNNER]:  [93mCalling populate_run_data config hook[0m
[ww 21:30:31] result: valid=1  E_tok=0.26241 J/tok window=207.749 s
[EXPERIMENT_RUNNER]:  [93mCSVManager: Updated row run_20_repetition_0[0m
[EXPERIMENT_RUNNER]:  [93mCalling before_run config hook[0m

-----------------NEW RUN [15 / 260]-----------------

[EXPERIMENT_RUNNER]:  [93mCalling start_run config hook[0m
[ww 21:30:31] run run_1_repetition_0: {'model': 'llama', 'engine': 'vllm', 'profile': 'api', 'context': 'medium'}
[ww 21:32:54] vllm ready in 138.08 s; warm-up 60 s
[EXPERIMENT_RUNNER]:  [93m... Starting measurement ...[0m
[EXPERIMENT_RUNNER]:  [93mCalling interaction config hook[0m
[ww 21:34:05] measured phase: 136 units at concurrency 8
[EXPERIMENT_RUNNER]:  [92m... Run completed ...[0m
[EXPERIMENT_RUNNER]:  [93m... Stopping measurement ...[0m
[EXPERIMENT_RUNNER]:  [93mCalling stop_run config hook[0m
[EXPERIMENT_RUNNER]:  [93mCalling populate_run_data config hook[0m
[ww 21:42:58] result: valid=1  E_tok=0.56875 J/tok window=222.625 s
[EXPERIMENT_RUNNER]:  [93mCSVManager: Updated row run_1_repetition_0[0m
[EXPERIMENT_RUNNER]:  [93mCalling before_run config hook[0m

-----------------NEW RUN [16 / 260]-----------------

[EXPERIMENT_RUNNER]:  [93mCalling start_run config hook[0m
[ww 21:42:58] run run_9_repetition_0: {'model': 'llama', 'engine': 'sglang', 'profile': 'api', 'context': 'small'}
[ww 21:46:03] sglang ready in 179.15 s; warm-up 60 s
[EXPERIMENT_RUNNER]:  [93m... Starting measurement ...[0m
[EXPERIMENT_RUNNER]:  [93mCalling interaction config hook[0m
[ww 21:47:15] measured phase: 184 units at concurrency 8
[EXPERIMENT_RUNNER]:  [92m... Run completed ...[0m
[EXPERIMENT_RUNNER]:  [93m... Stopping measurement ...[0m
[EXPERIMENT_RUNNER]:  [93mCalling stop_run config hook[0m
[EXPERIMENT_RUNNER]:  [93mCalling populate_run_data config hook[0m
[ww 21:56:08] result: valid=1  E_tok=0.353929 J/tok window=218.724 s
[EXPERIMENT_RUNNER]:  [93mCSVManager: Updated row run_9_repetition_0[0m
[EXPERIMENT_RUNNER]:  [93mCalling before_run config hook[0m

-----------------NEW RUN [17 / 260]-----------------

[EXPERIMENT_RUNNER]:  [93mCalling start_run config hook[0m
[ww 21:56:08] run run_22_repetition_0: {'model': 'qwen', 'engine': 'sglang', 'profile': 'api', 'context': 'small'}
[ww 21:58:50] sglang ready in 156.1 s; warm-up 60 s
[EXPERIMENT_RUNNER]:  [93m... Starting measurement ...[0m
[EXPERIMENT_RUNNER]:  [93mCalling interaction config hook[0m
[ww 22:00:05] measured phase: 192 units at concurrency 8
[EXPERIMENT_RUNNER]:  [92m... Run completed ...[0m
[EXPERIMENT_RUNNER]:  [93m... Stopping measurement ...[0m
[EXPERIMENT_RUNNER]:  [93mCalling stop_run config hook[0m
[EXPERIMENT_RUNNER]:  [93mCalling populate_run_data config hook[0m
[ww 22:08:48] result: valid=1  E_tok=0.329379 J/tok window=210.355 s
[EXPERIMENT_RUNNER]:  [93mCSVManager: Updated row run_22_repetition_0[0m
[EXPERIMENT_RUNNER]:  [93mCalling before_run config hook[0m

-----------------NEW RUN [18 / 260]-----------------

[EXPERIMENT_RUNNER]:  [93mCalling start_run config hook[0m
[ww 22:08:48] run run_11_repetition_0: {'model': 'llama', 'engine': 'sglang', 'profile': 'api', 'context': 'large'}
[ww 22:11:41] sglang ready in 168.12 s; warm-up 60 s
[EXPERIMENT_RUNNER]:  [93m... Starting measurement ...[0m
[EXPERIMENT_RUNNER]:  [93mCalling interaction config hook[0m
[ww 22:13:08] measured phase: 64 units at concurrency 8
[EXPERIMENT_RUNNER]:  [92m... Run completed ...[0m
[EXPERIMENT_RUNNER]:  [93m... Stopping measurement ...[0m
[EXPERIMENT_RUNNER]:  [93mCalling stop_run config hook[0m
[EXPERIMENT_RUNNER]:  [93mCalling populate_run_data config hook[0m
[ww 22:22:01] result: valid=1  E_tok=1.522801 J/tok window=216.402 s
[EXPERIMENT_RUNNER]:  [93mCSVManager: Updated row run_11_repetition_0[0m
[EXPERIMENT_RUNNER]:  [93mCalling before_run config hook[0m

-----------------NEW RUN [19 / 260]-----------------

[EXPERIMENT_RUNNER]:  [93mCalling start_run config hook[0m
[ww 22:22:01] run run_12_repetition_0: {'model': 'llama', 'engine': 'sglang', 'profile': 'chat', 'context': 'small'}
[ww 22:24:48] sglang ready in 162.12 s; warm-up 60 s
[EXPERIMENT_RUNNER]:  [93m... Starting measurement ...[0m
[EXPERIMENT_RUNNER]:  [93mCalling interaction config hook[0m
[ww 22:26:06] measured phase: 48 units at concurrency 8
[EXPERIMENT_RUNNER]:  [92m... Run completed ...[0m
[EXPERIMENT_RUNNER]:  [93m... Stopping measurement ...[0m
[EXPERIMENT_RUNNER]:  [93mCalling stop_run config hook[0m
[EXPERIMENT_RUNNER]:  [93mCalling populate_run_data config hook[0m
[ww 22:34:59] result: valid=1  E_tok=0.317248 J/tok window=218.381 s
[EXPERIMENT_RUNNER]:  [93mCSVManager: Updated row run_12_repetition_0[0m
[EXPERIMENT_RUNNER]:  [93mCalling before_run config hook[0m

-----------------NEW RUN [20 / 260]-----------------

[EXPERIMENT_RUNNER]:  [93mCalling start_run config hook[0m
[ww 22:34:59] run run_24_repetition_0: {'model': 'qwen', 'engine': 'sglang', 'profile': 'agentic', 'context': 'small'}
[ww 22:37:46] sglang ready in 161.1 s; warm-up 60 s
[EXPERIMENT_RUNNER]:  [93m... Starting measurement ...[0m
[EXPERIMENT_RUNNER]:  [93mCalling interaction config hook[0m
[ww 22:38:57] measured phase: 208 units at concurrency 8
[EXPERIMENT_RUNNER]:  [92m... Run completed ...[0m
[EXPERIMENT_RUNNER]:  [93m... Stopping measurement ...[0m
[EXPERIMENT_RUNNER]:  [93mCalling stop_run config hook[0m
[EXPERIMENT_RUNNER]:  [93mCalling populate_run_data config hook[0m
[ww 22:47:40] result: valid=1  E_tok=0.285415 J/tok window=210.739 s
[EXPERIMENT_RUNNER]:  [93mCSVManager: Updated row run_24_repetition_0[0m
[EXPERIMENT_RUNNER]:  [93mCalling before_run config hook[0m

-----------------NEW RUN [21 / 260]-----------------

[EXPERIMENT_RUNNER]:  [93mCalling start_run config hook[0m
[ww 22:47:40] run run_21_repetition_0: {'model': 'qwen', 'engine': 'vllm', 'profile': 'agentic', 'context': 'large'}
[ww 22:49:30] vllm ready in 105.09 s; warm-up 60 s
[EXPERIMENT_RUNNER]:  [93m... Starting measurement ...[0m
[EXPERIMENT_RUNNER]:  [93mCalling interaction config hook[0m
[ww 22:50:39] measured phase: 144 units at concurrency 8
[EXPERIMENT_RUNNER]:  [92m... Run completed ...[0m
[EXPERIMENT_RUNNER]:  [93m... Stopping measurement ...[0m
[EXPERIMENT_RUNNER]:  [93mCalling stop_run config hook[0m
[EXPERIMENT_RUNNER]:  [93mCalling populate_run_data config hook[0m
[ww 22:59:32] result: valid=1  E_tok=0.689791 J/tok window=225.053 s
[EXPERIMENT_RUNNER]:  [93mCSVManager: Updated row run_21_repetition_0[0m
[EXPERIMENT_RUNNER]:  [93mCalling before_run config hook[0m

-----------------NEW RUN [22 / 260]-----------------

[EXPERIMENT_RUNNER]:  [93mCalling start_run config hook[0m
[ww 22:59:32] run run_2_repetition_0: {'model': 'llama', 'engine': 'vllm', 'profile': 'api', 'context': 'large'}
[ww 23:01:32] vllm ready in 114.1 s; warm-up 60 s
[EXPERIMENT_RUNNER]:  [93m... Starting measurement ...[0m
[EXPERIMENT_RUNNER]:  [93mCalling interaction config hook[0m
[ww 23:02:51] measured phase: 64 units at concurrency 8
[EXPERIMENT_RUNNER]:  [92m... Run completed ...[0m
[EXPERIMENT_RUNNER]:  [93m... Stopping measurement ...[0m
[EXPERIMENT_RUNNER]:  [93mCalling stop_run config hook[0m
[EXPERIMENT_RUNNER]:  [93mCalling populate_run_data config hook[0m
[ww 23:11:55] result: valid=1  E_tok=1.872989 J/tok window=235.86 s
[EXPERIMENT_RUNNER]:  [93mCSVManager: Updated row run_2_repetition_0[0m
[EXPERIMENT_RUNNER]:  [93mCalling before_run config hook[0m

-----------------NEW RUN [23 / 260]-----------------

[EXPERIMENT_RUNNER]:  [93mCalling start_run config hook[0m
[ww 23:11:55] run run_3_repetition_0: {'model': 'llama', 'engine': 'vllm', 'profile': 'chat', 'context': 'small'}
[ww 23:14:05] vllm ready in 125.09 s; warm-up 60 s
[EXPERIMENT_RUNNER]:  [93m... Starting measurement ...[0m
[EXPERIMENT_RUNNER]:  [93mCalling interaction config hook[0m
[ww 23:15:23] measured phase: 48 units at concurrency 8
[EXPERIMENT_RUNNER]:  [92m... Run completed ...[0m
[EXPERIMENT_RUNNER]:  [93m... Stopping measurement ...[0m
[EXPERIMENT_RUNNER]:  [93mCalling stop_run config hook[0m
[EXPERIMENT_RUNNER]:  [93mCalling populate_run_data config hook[0m
[ww 23:24:06] result: valid=1  E_tok=0.313996 J/tok window=212.095 s
[EXPERIMENT_RUNNER]:  [93mCSVManager: Updated row run_3_repetition_0[0m
[EXPERIMENT_RUNNER]:  [93mCalling before_run config hook[0m

-----------------NEW RUN [24 / 260]-----------------

[EXPERIMENT_RUNNER]:  [93mCalling start_run config hook[0m
[ww 23:24:06] run run_10_repetition_0: {'model': 'llama', 'engine': 'sglang', 'profile': 'api', 'context': 'medium'}
[ww 23:27:08] sglang ready in 177.11 s; warm-up 60 s
[EXPERIMENT_RUNNER]:  [93m... Starting measurement ...[0m
[EXPERIMENT_RUNNER]:  [93mCalling interaction config hook[0m
[ww 23:28:18] measured phase: 136 units at concurrency 8
[EXPERIMENT_RUNNER]:  [92m... Run completed ...[0m
[EXPERIMENT_RUNNER]:  [93m... Stopping measurement ...[0m
[EXPERIMENT_RUNNER]:  [93mCalling stop_run config hook[0m
[EXPERIMENT_RUNNER]:  [93mCalling populate_run_data config hook[0m
[ww 23:37:11] result: valid=1  E_tok=0.556306 J/tok window=217.74 s
[EXPERIMENT_RUNNER]:  [93mCSVManager: Updated row run_10_repetition_0[0m
[EXPERIMENT_RUNNER]:  [93mCalling before_run config hook[0m

-----------------NEW RUN [25 / 260]-----------------

[EXPERIMENT_RUNNER]:  [93mCalling start_run config hook[0m
[ww 23:37:11] run run_15_repetition_0: {'model': 'llama', 'engine': 'sglang', 'profile': 'agentic', 'context': 'small'}
[ww 23:40:20] sglang ready in 183.14 s; warm-up 60 s
[EXPERIMENT_RUNNER]:  [93m... Starting measurement ...[0m
[EXPERIMENT_RUNNER]:  [93mCalling interaction config hook[0m
[ww 23:41:36] measured phase: 192 units at concurrency 8
[EXPERIMENT_RUNNER]:  [92m... Run completed ...[0m
[EXPERIMENT_RUNNER]:  [93m... Stopping measurement ...[0m
[EXPERIMENT_RUNNER]:  [93mCalling stop_run config hook[0m
[EXPERIMENT_RUNNER]:  [93mCalling populate_run_data config hook[0m
[ww 23:50:20] result: valid=1  E_tok=0.307301 J/tok window=209.874 s
[EXPERIMENT_RUNNER]:  [93mCSVManager: Updated row run_15_repetition_0[0m
[EXPERIMENT_RUNNER]:  [93mCalling before_run config hook[0m

-----------------NEW RUN [26 / 260]-----------------

[EXPERIMENT_RUNNER]:  [93mCalling start_run config hook[0m
[ww 23:50:20] run run_7_repetition_0: {'model': 'llama', 'engine': 'vllm', 'profile': 'agentic', 'context': 'medium'}
[ww 23:52:42] vllm ready in 137.08 s; warm-up 60 s
[EXPERIMENT_RUNNER]:  [93m... Starting measurement ...[0m
[EXPERIMENT_RUNNER]:  [93mCalling interaction config hook[0m
[ww 23:53:56] measured phase: 176 units at concurrency 8
[EXPERIMENT_RUNNER]:  [92m... Run completed ...[0m
[EXPERIMENT_RUNNER]:  [93m... Stopping measurement ...[0m
[EXPERIMENT_RUNNER]:  [93mCalling stop_run config hook[0m
[EXPERIMENT_RUNNER]:  [93mCalling populate_run_data config hook[0m
[ww 00:02:39] result: valid=1  E_tok=0.399028 J/tok window=214.868 s
[EXPERIMENT_RUNNER]:  [93mCSVManager: Updated row run_7_repetition_0[0m
[EXPERIMENT_RUNNER]:  [93mCalling before_run config hook[0m

-----------------NEW RUN [27 / 260]-----------------

[EXPERIMENT_RUNNER]:  [93mCalling start_run config hook[0m
[ww 00:02:39] run run_5_repetition_1: {'model': 'llama', 'engine': 'vllm', 'profile': 'chat', 'context': 'large'}
[ww 00:04:58] vllm ready in 133.1 s; warm-up 60 s
[EXPERIMENT_RUNNER]:  [93m... Starting measurement ...[0m
[EXPERIMENT_RUNNER]:  [93mCalling interaction config hook[0m
[ww 00:06:13] measured phase: 32 units at concurrency 8
[EXPERIMENT_RUNNER]:  [92m... Run completed ...[0m
[EXPERIMENT_RUNNER]:  [93m... Stopping measurement ...[0m
[EXPERIMENT_RUNNER]:  [93mCalling stop_run config hook[0m
[EXPERIMENT_RUNNER]:  [93mCalling populate_run_data config hook[0m
[ww 00:15:58] result: valid=1  E_tok=0.782861 J/tok window=275.249 s
[EXPERIMENT_RUNNER]:  [93mCSVManager: Updated row run_5_repetition_1[0m
[EXPERIMENT_RUNNER]:  [93mCalling before_run config hook[0m

-----------------NEW RUN [28 / 260]-----------------

[EXPERIMENT_RUNNER]:  [93mCalling start_run config hook[0m
[ww 00:15:58] run run_10_repetition_1: {'model': 'llama', 'engine': 'sglang', 'profile': 'api', 'context': 'medium'}
[ww 00:19:02] sglang ready in 179.11 s; warm-up 60 s
[EXPERIMENT_RUNNER]:  [93m... Starting measurement ...[0m
[EXPERIMENT_RUNNER]:  [93mCalling interaction config hook[0m
[ww 00:20:12] measured phase: 136 units at concurrency 8
[EXPERIMENT_RUNNER]:  [92m... Run completed ...[0m
[EXPERIMENT_RUNNER]:  [93m... Stopping measurement ...[0m
[EXPERIMENT_RUNNER]:  [93mCalling stop_run config hook[0m
[EXPERIMENT_RUNNER]:  [93mCalling populate_run_data config hook[0m
[ww 00:29:05] result: valid=1  E_tok=0.562589 J/tok window=219.099 s
[EXPERIMENT_RUNNER]:  [93mCSVManager: Updated row run_10_repetition_1[0m
[EXPERIMENT_RUNNER]:  [93mCalling before_run config hook[0m

-----------------NEW RUN [29 / 260]-----------------

[EXPERIMENT_RUNNER]:  [93mCalling start_run config hook[0m
[ww 00:29:05] run run_15_repetition_1: {'model': 'llama', 'engine': 'sglang', 'profile': 'agentic', 'context': 'small'}
[ww 00:32:00] sglang ready in 170.11 s; warm-up 60 s
[EXPERIMENT_RUNNER]:  [93m... Starting measurement ...[0m
[EXPERIMENT_RUNNER]:  [93mCalling interaction config hook[0m
[ww 00:33:16] measured phase: 192 units at concurrency 8
[EXPERIMENT_RUNNER]:  [92m... Run completed ...[0m
[EXPERIMENT_RUNNER]:  [93m... Stopping measurement ...[0m
[EXPERIMENT_RUNNER]:  [93mCalling stop_run config hook[0m
[EXPERIMENT_RUNNER]:  [93mCalling populate_run_data config hook[0m
[ww 00:41:59] result: valid=1  E_tok=0.272024 J/tok window=209.501 s
[EXPERIMENT_RUNNER]:  [93mCSVManager: Updated row run_15_repetition_1[0m
[EXPERIMENT_RUNNER]:  [93mCalling before_run config hook[0m

-----------------NEW RUN [30 / 260]-----------------

[EXPERIMENT_RUNNER]:  [93mCalling start_run config hook[0m
[ww 00:41:59] run run_1_repetition_1: {'model': 'llama', 'engine': 'vllm', 'profile': 'api', 'context': 'medium'}
[ww 00:44:26] vllm ready in 142.08 s; warm-up 60 s
[EXPERIMENT_RUNNER]:  [93m... Starting measurement ...[0m
[EXPERIMENT_RUNNER]:  [93mCalling interaction config hook[0m
[ww 00:45:37] measured phase: 136 units at concurrency 8
[EXPERIMENT_RUNNER]:  [92m... Run completed ...[0m
[EXPERIMENT_RUNNER]:  [93m... Stopping measurement ...[0m
[EXPERIMENT_RUNNER]:  [93mCalling stop_run config hook[0m
[EXPERIMENT_RUNNER]:  [93mCalling populate_run_data config hook[0m
[ww 00:54:25] result: valid=1  E_tok=0.568373 J/tok window=221.757 s
[EXPERIMENT_RUNNER]:  [93mCSVManager: Updated row run_1_repetition_1[0m
[EXPERIMENT_RUNNER]:  [93mCalling before_run config hook[0m

-----------------NEW RUN [31 / 260]-----------------

[EXPERIMENT_RUNNER]:  [93mCalling start_run config hook[0m
[ww 00:54:25] run run_23_repetition_1: {'model': 'qwen', 'engine': 'sglang', 'profile': 'api', 'context': 'large'}
[ww 00:57:13] sglang ready in 162.11 s; warm-up 60 s
[EXPERIMENT_RUNNER]:  [93m... Starting measurement ...[0m
[EXPERIMENT_RUNNER]:  [93mCalling interaction config hook[0m
[ww 00:58:26] measured phase: 80 units at concurrency 8
[EXPERIMENT_RUNNER]:  [92m... Run completed ...[0m
[EXPERIMENT_RUNNER]:  [93m... Stopping measurement ...[0m
[EXPERIMENT_RUNNER]:  [93mCalling stop_run config hook[0m
[EXPERIMENT_RUNNER]:  [93mCalling populate_run_data config hook[0m
[ww 01:07:25] result: valid=1  E_tok=1.460309 J/tok window=228.683 s
[EXPERIMENT_RUNNER]:  [93mCSVManager: Updated row run_23_repetition_1[0m
[EXPERIMENT_RUNNER]:  [93mCalling before_run config hook[0m

-----------------NEW RUN [32 / 260]-----------------

[EXPERIMENT_RUNNER]:  [93mCalling start_run config hook[0m
[ww 01:07:25] run run_8_repetition_1: {'model': 'llama', 'engine': 'vllm', 'profile': 'agentic', 'context': 'large'}
[ww 01:09:47] vllm ready in 137.12 s; warm-up 60 s
[EXPERIMENT_RUNNER]:  [93m... Starting measurement ...[0m
[EXPERIMENT_RUNNER]:  [93mCalling interaction config hook[0m
[ww 01:10:57] measured phase: 120 units at concurrency 8
[EXPERIMENT_RUNNER]:  [92m... Run completed ...[0m
[EXPERIMENT_RUNNER]:  [93m... Stopping measurement ...[0m
[EXPERIMENT_RUNNER]:  [93mCalling stop_run config hook[0m
[EXPERIMENT_RUNNER]:  [93mCalling populate_run_data config hook[0m
[ww 01:20:01] result: valid=1  E_tok=0.854937 J/tok window=236.099 s
[EXPERIMENT_RUNNER]:  [93mCSVManager: Updated row run_8_repetition_1[0m
[EXPERIMENT_RUNNER]:  [93mCalling before_run config hook[0m

-----------------NEW RUN [33 / 260]-----------------

[EXPERIMENT_RUNNER]:  [93mCalling start_run config hook[0m
[ww 01:20:01] run run_7_repetition_1: {'model': 'llama', 'engine': 'vllm', 'profile': 'agentic', 'context': 'medium'}
[ww 01:22:23] vllm ready in 137.09 s; warm-up 60 s
[EXPERIMENT_RUNNER]:  [93m... Starting measurement ...[0m
[EXPERIMENT_RUNNER]:  [93mCalling interaction config hook[0m
[ww 01:23:38] measured phase: 176 units at concurrency 8
[EXPERIMENT_RUNNER]:  [92m... Run completed ...[0m
[EXPERIMENT_RUNNER]:  [93m... Stopping measurement ...[0m
[EXPERIMENT_RUNNER]:  [93mCalling stop_run config hook[0m
[EXPERIMENT_RUNNER]:  [93mCalling populate_run_data config hook[0m
[ww 01:32:16] result: valid=1  E_tok=0.392164 J/tok window=209.816 s
[EXPERIMENT_RUNNER]:  [93mCSVManager: Updated row run_7_repetition_1[0m
[EXPERIMENT_RUNNER]:  [93mCalling before_run config hook[0m

-----------------NEW RUN [34 / 260]-----------------

[EXPERIMENT_RUNNER]:  [93mCalling start_run config hook[0m
[ww 01:32:16] run run_24_repetition_1: {'model': 'qwen', 'engine': 'sglang', 'profile': 'agentic', 'context': 'small'}
[ww 01:34:57] sglang ready in 156.11 s; warm-up 60 s
[EXPERIMENT_RUNNER]:  [93m... Starting measurement ...[0m
[EXPERIMENT_RUNNER]:  [93mCalling interaction config hook[0m
[ww 01:36:08] measured phase: 208 units at concurrency 8
[EXPERIMENT_RUNNER]:  [92m... Run completed ...[0m
[EXPERIMENT_RUNNER]:  [93m... Stopping measurement ...[0m
[EXPERIMENT_RUNNER]:  [93mCalling stop_run config hook[0m
[EXPERIMENT_RUNNER]:  [93mCalling populate_run_data config hook[0m
[ww 01:44:51] result: valid=1  E_tok=0.294908 J/tok window=210.955 s
[EXPERIMENT_RUNNER]:  [93mCSVManager: Updated row run_24_repetition_1[0m
[EXPERIMENT_RUNNER]:  [93mCalling before_run config hook[0m

-----------------NEW RUN [35 / 260]-----------------

[EXPERIMENT_RUNNER]:  [93mCalling start_run config hook[0m
[ww 01:44:51] run run_22_repetition_1: {'model': 'qwen', 'engine': 'sglang', 'profile': 'api', 'context': 'small'}
[ww 01:47:27] sglang ready in 151.13 s; warm-up 60 s
[EXPERIMENT_RUNNER]:  [93m... Starting measurement ...[0m
[EXPERIMENT_RUNNER]:  [93mCalling interaction config hook[0m
[ww 01:48:43] measured phase: 192 units at concurrency 8
[EXPERIMENT_RUNNER]:  [92m... Run completed ...[0m
[EXPERIMENT_RUNNER]:  [93m... Stopping measurement ...[0m
[EXPERIMENT_RUNNER]:  [93mCalling stop_run config hook[0m
[EXPERIMENT_RUNNER]:  [93mCalling populate_run_data config hook[0m
[ww 01:57:26] result: valid=1  E_tok=0.320824 J/tok window=210.537 s
[EXPERIMENT_RUNNER]:  [93mCSVManager: Updated row run_22_repetition_1[0m
[EXPERIMENT_RUNNER]:  [93mCalling before_run config hook[0m

-----------------NEW RUN [36 / 260]-----------------

[EXPERIMENT_RUNNER]:  [93mCalling start_run config hook[0m
[ww 01:57:26] run run_12_repetition_1: {'model': 'llama', 'engine': 'sglang', 'profile': 'chat', 'context': 'small'}
[ww 02:00:09] sglang ready in 158.12 s; warm-up 60 s
[EXPERIMENT_RUNNER]:  [93m... Starting measurement ...[0m
[EXPERIMENT_RUNNER]:  [93mCalling interaction config hook[0m
[ww 02:01:27] measured phase: 48 units at concurrency 8
[EXPERIMENT_RUNNER]:  [92m... Run completed ...[0m
[EXPERIMENT_RUNNER]:  [93m... Stopping measurement ...[0m
[EXPERIMENT_RUNNER]:  [93mCalling stop_run config hook[0m
[EXPERIMENT_RUNNER]:  [93mCalling populate_run_data config hook[0m
[ww 02:10:16] result: valid=1  E_tok=0.308352 J/tok window=217.761 s
[EXPERIMENT_RUNNER]:  [93mCSVManager: Updated row run_12_repetition_1[0m
[EXPERIMENT_RUNNER]:  [93mCalling before_run config hook[0m

-----------------NEW RUN [37 / 260]-----------------

[EXPERIMENT_RUNNER]:  [93mCalling start_run config hook[0m
[ww 02:10:16] run run_20_repetition_1: {'model': 'qwen', 'engine': 'vllm', 'profile': 'agentic', 'context': 'small'}
[ww 02:12:23] vllm ready in 121.09 s; warm-up 60 s
[EXPERIMENT_RUNNER]:  [93m... Starting measurement ...[0m
[EXPERIMENT_RUNNER]:  [93mCalling interaction config hook[0m
[ww 02:13:33] measured phase: 208 units at concurrency 8
[EXPERIMENT_RUNNER]:  [92m... Run completed ...[0m
[EXPERIMENT_RUNNER]:  [93m... Stopping measurement ...[0m
[EXPERIMENT_RUNNER]:  [93mCalling stop_run config hook[0m
[EXPERIMENT_RUNNER]:  [93mCalling populate_run_data config hook[0m
[ww 02:22:16] result: valid=1  E_tok=0.26006 J/tok window=213.075 s
[EXPERIMENT_RUNNER]:  [93mCSVManager: Updated row run_20_repetition_1[0m
[EXPERIMENT_RUNNER]:  [93mCalling before_run config hook[0m

-----------------NEW RUN [38 / 260]-----------------

[EXPERIMENT_RUNNER]:  [93mCalling start_run config hook[0m
[ww 02:22:16] run run_11_repetition_1: {'model': 'llama', 'engine': 'sglang', 'profile': 'api', 'context': 'large'}
[ww 02:25:03] sglang ready in 161.11 s; warm-up 60 s
[EXPERIMENT_RUNNER]:  [93m... Starting measurement ...[0m
[EXPERIMENT_RUNNER]:  [93mCalling interaction config hook[0m
[ww 02:26:30] measured phase: 64 units at concurrency 8
[EXPERIMENT_RUNNER]:  [92m... Run completed ...[0m
[EXPERIMENT_RUNNER]:  [93m... Stopping measurement ...[0m
[EXPERIMENT_RUNNER]:  [93mCalling stop_run config hook[0m
[EXPERIMENT_RUNNER]:  [93mCalling populate_run_data config hook[0m
[ww 02:35:23] result: valid=1  E_tok=1.662817 J/tok window=219.254 s
[EXPERIMENT_RUNNER]:  [93mCSVManager: Updated row run_11_repetition_1[0m
[EXPERIMENT_RUNNER]:  [93mCalling before_run config hook[0m

-----------------NEW RUN [39 / 260]-----------------

[EXPERIMENT_RUNNER]:  [93mCalling start_run config hook[0m
[ww 02:35:23] run run_14_repetition_1: {'model': 'llama', 'engine': 'sglang', 'profile': 'chat', 'context': 'large'}
[ww 02:38:21] sglang ready in 173.14 s; warm-up 60 s
[EXPERIMENT_RUNNER]:  [93m... Starting measurement ...[0m
[EXPERIMENT_RUNNER]:  [93mCalling interaction config hook[0m
[ww 02:39:33] measured phase: 32 units at concurrency 8
[EXPERIMENT_RUNNER]:  [92m... Run completed ...[0m
[EXPERIMENT_RUNNER]:  [93m... Stopping measurement ...[0m
[EXPERIMENT_RUNNER]:  [93mCalling stop_run config hook[0m
[EXPERIMENT_RUNNER]:  [93mCalling populate_run_data config hook[0m
[ww 02:49:12] result: valid=1  E_tok=0.758323 J/tok window=267.965 s
[EXPERIMENT_RUNNER]:  [93mCSVManager: Updated row run_14_repetition_1[0m
[EXPERIMENT_RUNNER]:  [93mCalling before_run config hook[0m

-----------------NEW RUN [40 / 260]-----------------

[EXPERIMENT_RUNNER]:  [93mCalling start_run config hook[0m
[ww 02:49:12] run run_21_repetition_1: {'model': 'qwen', 'engine': 'vllm', 'profile': 'agentic', 'context': 'large'}
[ww 02:51:16] vllm ready in 119.09 s; warm-up 60 s
[EXPERIMENT_RUNNER]:  [93m... Starting measurement ...[0m
[EXPERIMENT_RUNNER]:  [93mCalling interaction config hook[0m
[ww 02:52:26] measured phase: 144 units at concurrency 8
[EXPERIMENT_RUNNER]:  [92m... Run completed ...[0m
[EXPERIMENT_RUNNER]:  [93m... Stopping measurement ...[0m
[EXPERIMENT_RUNNER]:  [93mCalling stop_run config hook[0m
[EXPERIMENT_RUNNER]:  [93mCalling populate_run_data config hook[0m
[ww 03:01:19] result: valid=1  E_tok=0.656315 J/tok window=225.961 s
[EXPERIMENT_RUNNER]:  [93mCSVManager: Updated row run_21_repetition_1[0m
[EXPERIMENT_RUNNER]:  [93mCalling before_run config hook[0m

-----------------NEW RUN [41 / 260]-----------------

[EXPERIMENT_RUNNER]:  [93mCalling start_run config hook[0m
[ww 03:01:19] run run_0_repetition_1: {'model': 'llama', 'engine': 'vllm', 'profile': 'api', 'context': 'small'}
[ww 03:03:19] vllm ready in 115.1 s; warm-up 60 s
[EXPERIMENT_RUNNER]:  [93m... Starting measurement ...[0m
[EXPERIMENT_RUNNER]:  [93mCalling interaction config hook[0m
[ww 03:04:31] measured phase: 184 units at concurrency 8
[EXPERIMENT_RUNNER]:  [92m... Run completed ...[0m
[EXPERIMENT_RUNNER]:  [93m... Stopping measurement ...[0m
[EXPERIMENT_RUNNER]:  [93mCalling stop_run config hook[0m
[EXPERIMENT_RUNNER]:  [93mCalling populate_run_data config hook[0m
[ww 03:13:20] result: valid=1  E_tok=0.342076 J/tok window=217.573 s
[EXPERIMENT_RUNNER]:  [93mCSVManager: Updated row run_0_repetition_1[0m
[EXPERIMENT_RUNNER]:  [93mCalling before_run config hook[0m

-----------------NEW RUN [42 / 260]-----------------

[EXPERIMENT_RUNNER]:  [93mCalling start_run config hook[0m
[ww 03:13:20] run run_17_repetition_1: {'model': 'llama', 'engine': 'sglang', 'profile': 'agentic', 'context': 'large'}
[ww 03:16:02] sglang ready in 157.13 s; warm-up 60 s
[EXPERIMENT_RUNNER]:  [93m... Starting measurement ...[0m
[EXPERIMENT_RUNNER]:  [93mCalling interaction config hook[0m
[ww 03:17:21] measured phase: 120 units at concurrency 8
[EXPERIMENT_RUNNER]:  [92m... Run completed ...[0m
[EXPERIMENT_RUNNER]:  [93m... Stopping measurement ...[0m
[EXPERIMENT_RUNNER]:  [93mCalling stop_run config hook[0m
[EXPERIMENT_RUNNER]:  [93mCalling populate_run_data config hook[0m
[ww 03:26:05] result: valid=1  E_tok=0.670842 J/tok window=215.152 s
[EXPERIMENT_RUNNER]:  [93mCSVManager: Updated row run_17_repetition_1[0m
[EXPERIMENT_RUNNER]:  [93mCalling before_run config hook[0m

-----------------NEW RUN [43 / 260]-----------------

[EXPERIMENT_RUNNER]:  [93mCalling start_run config hook[0m
[ww 03:26:05] run run_18_repetition_1: {'model': 'qwen', 'engine': 'vllm', 'profile': 'api', 'context': 'small'}
[ww 03:28:09] vllm ready in 119.09 s; warm-up 60 s
[EXPERIMENT_RUNNER]:  [93m... Starting measurement ...[0m
[EXPERIMENT_RUNNER]:  [93mCalling interaction config hook[0m
[ww 03:29:24] measured phase: 192 units at concurrency 8
[EXPERIMENT_RUNNER]:  [92m... Run completed ...[0m
[EXPERIMENT_RUNNER]:  [93m... Stopping measurement ...[0m
[EXPERIMENT_RUNNER]:  [93mCalling stop_run config hook[0m
[EXPERIMENT_RUNNER]:  [93mCalling populate_run_data config hook[0m
[ww 03:38:02] result: valid=1  E_tok=0.346159 J/tok window=209.541 s
[EXPERIMENT_RUNNER]:  [93mCSVManager: Updated row run_18_repetition_1[0m
[EXPERIMENT_RUNNER]:  [93mCalling before_run config hook[0m

-----------------NEW RUN [44 / 260]-----------------

[EXPERIMENT_RUNNER]:  [93mCalling start_run config hook[0m
[ww 03:38:02] run run_3_repetition_1: {'model': 'llama', 'engine': 'vllm', 'profile': 'chat', 'context': 'small'}
[ww 03:40:23] vllm ready in 136.09 s; warm-up 60 s
[EXPERIMENT_RUNNER]:  [93m... Starting measurement ...[0m
[EXPERIMENT_RUNNER]:  [93mCalling interaction config hook[0m
[ww 03:41:41] measured phase: 48 units at concurrency 8
[EXPERIMENT_RUNNER]:  [92m... Run completed ...[0m
[EXPERIMENT_RUNNER]:  [93m... Stopping measurement ...[0m
[EXPERIMENT_RUNNER]:  [93mCalling stop_run config hook[0m
[EXPERIMENT_RUNNER]:  [93mCalling populate_run_data config hook[0m
[ww 03:50:30] result: valid=1  E_tok=0.328628 J/tok window=218.625 s
[EXPERIMENT_RUNNER]:  [93mCSVManager: Updated row run_3_repetition_1[0m
[EXPERIMENT_RUNNER]:  [93mCalling before_run config hook[0m

-----------------NEW RUN [45 / 260]-----------------

[EXPERIMENT_RUNNER]:  [93mCalling start_run config hook[0m
[ww 03:50:30] run run_13_repetition_1: {'model': 'llama', 'engine': 'sglang', 'profile': 'chat', 'context': 'medium'}
[ww 03:53:11] sglang ready in 156.12 s; warm-up 60 s
[EXPERIMENT_RUNNER]:  [93m... Starting measurement ...[0m
[EXPERIMENT_RUNNER]:  [93mCalling interaction config hook[0m
[ww 03:54:41] measured phase: 40 units at concurrency 8
[EXPERIMENT_RUNNER]:  [92m... Run completed ...[0m
[EXPERIMENT_RUNNER]:  [93m... Stopping measurement ...[0m
[EXPERIMENT_RUNNER]:  [93mCalling stop_run config hook[0m
[EXPERIMENT_RUNNER]:  [93mCalling populate_run_data config hook[0m
[ww 04:03:29] result: valid=1  E_tok=0.414093 J/tok window=212.307 s
[EXPERIMENT_RUNNER]:  [93mCSVManager: Updated row run_13_repetition_1[0m
[EXPERIMENT_RUNNER]:  [93mCalling before_run config hook[0m

-----------------NEW RUN [46 / 260]-----------------

[EXPERIMENT_RUNNER]:  [93mCalling start_run config hook[0m
[ww 04:03:29] run run_19_repetition_1: {'model': 'qwen', 'engine': 'vllm', 'profile': 'api', 'context': 'large'}
[ww 04:05:42] vllm ready in 128.08 s; warm-up 60 s
[EXPERIMENT_RUNNER]:  [93m... Starting measurement ...[0m
[EXPERIMENT_RUNNER]:  [93mCalling interaction config hook[0m
[ww 04:06:59] measured phase: 80 units at concurrency 8
[EXPERIMENT_RUNNER]:  [92m... Run completed ...[0m
[EXPERIMENT_RUNNER]:  [93m... Stopping measurement ...[0m
[EXPERIMENT_RUNNER]:  [93mCalling stop_run config hook[0m
[EXPERIMENT_RUNNER]:  [93mCalling populate_run_data config hook[0m
[ww 04:16:08] result: valid=1  E_tok=1.604965 J/tok window=241.142 s
[EXPERIMENT_RUNNER]:  [93mCSVManager: Updated row run_19_repetition_1[0m
[EXPERIMENT_RUNNER]:  [93mCalling before_run config hook[0m

-----------------NEW RUN [47 / 260]-----------------

[EXPERIMENT_RUNNER]:  [93mCalling start_run config hook[0m
[ww 04:16:08] run run_6_repetition_1: {'model': 'llama', 'engine': 'vllm', 'profile': 'agentic', 'context': 'small'}
[ww 04:18:35] vllm ready in 142.1 s; warm-up 60 s
[EXPERIMENT_RUNNER]:  [93m... Starting measurement ...[0m
[EXPERIMENT_RUNNER]:  [93mCalling interaction config hook[0m
[ww 04:19:51] measured phase: 192 units at concurrency 8
[EXPERIMENT_RUNNER]:  [92m... Run completed ...[0m
[EXPERIMENT_RUNNER]:  [93m... Stopping measurement ...[0m
[EXPERIMENT_RUNNER]:  [93mCalling stop_run config hook[0m
[EXPERIMENT_RUNNER]:  [93mCalling populate_run_data config hook[0m
[ww 04:28:29] result: valid=1  E_tok=0.299007 J/tok window=211.823 s
[EXPERIMENT_RUNNER]:  [93mCSVManager: Updated row run_6_repetition_1[0m
[EXPERIMENT_RUNNER]:  [93mCalling before_run config hook[0m

-----------------NEW RUN [48 / 260]-----------------

[EXPERIMENT_RUNNER]:  [93mCalling start_run config hook[0m
[ww 04:28:29] run run_9_repetition_1: {'model': 'llama', 'engine': 'sglang', 'profile': 'api', 'context': 'small'}
[ww 04:31:13] sglang ready in 159.13 s; warm-up 60 s
[EXPERIMENT_RUNNER]:  [93m... Starting measurement ...[0m
[EXPERIMENT_RUNNER]:  [93mCalling interaction config hook[0m
[ww 04:32:26] measured phase: 184 units at concurrency 8
[EXPERIMENT_RUNNER]:  [92m... Run completed ...[0m
[EXPERIMENT_RUNNER]:  [93m... Stopping measurement ...[0m
[EXPERIMENT_RUNNER]:  [93mCalling stop_run config hook[0m
[EXPERIMENT_RUNNER]:  [93mCalling populate_run_data config hook[0m
[ww 04:41:19] result: valid=1  E_tok=0.325326 J/tok window=219.947 s
[EXPERIMENT_RUNNER]:  [93mCSVManager: Updated row run_9_repetition_1[0m
[EXPERIMENT_RUNNER]:  [93mCalling before_run config hook[0m

-----------------NEW RUN [49 / 260]-----------------

[EXPERIMENT_RUNNER]:  [93mCalling start_run config hook[0m
[ww 04:41:19] run run_2_repetition_1: {'model': 'llama', 'engine': 'vllm', 'profile': 'api', 'context': 'large'}
[ww 04:43:40] vllm ready in 136.09 s; warm-up 60 s
[EXPERIMENT_RUNNER]:  [93m... Starting measurement ...[0m
[EXPERIMENT_RUNNER]:  [93mCalling interaction config hook[0m
[ww 04:45:01] measured phase: 64 units at concurrency 8
[EXPERIMENT_RUNNER]:  [92m... Run completed ...[0m
[EXPERIMENT_RUNNER]:  [93m... Stopping measurement ...[0m
[EXPERIMENT_RUNNER]:  [93mCalling stop_run config hook[0m
[EXPERIMENT_RUNNER]:  [93mCalling populate_run_data config hook[0m
[ww 04:54:09] result: valid=1  E_tok=1.80635 J/tok window=237.924 s
[EXPERIMENT_RUNNER]:  [93mCSVManager: Updated row run_2_repetition_1[0m
[EXPERIMENT_RUNNER]:  [93mCalling before_run config hook[0m

-----------------NEW RUN [50 / 260]-----------------

[EXPERIMENT_RUNNER]:  [93mCalling start_run config hook[0m
[ww 04:54:09] run run_25_repetition_1: {'model': 'qwen', 'engine': 'sglang', 'profile': 'agentic', 'context': 'large'}
[ww 04:56:55] sglang ready in 161.13 s; warm-up 60 s
[EXPERIMENT_RUNNER]:  [93m... Starting measurement ...[0m
[EXPERIMENT_RUNNER]:  [93mCalling interaction config hook[0m
[ww 04:58:04] measured phase: 144 units at concurrency 8
[EXPERIMENT_RUNNER]:  [92m... Run completed ...[0m
[EXPERIMENT_RUNNER]:  [93m... Stopping measurement ...[0m
[EXPERIMENT_RUNNER]:  [93mCalling stop_run config hook[0m
[EXPERIMENT_RUNNER]:  [93mCalling populate_run_data config hook[0m
[ww 05:06:57] result: valid=1  E_tok=0.547003 J/tok window=218.625 s
[EXPERIMENT_RUNNER]:  [93mCSVManager: Updated row run_25_repetition_1[0m
[EXPERIMENT_RUNNER]:  [93mCalling before_run config hook[0m

-----------------NEW RUN [51 / 260]-----------------

[EXPERIMENT_RUNNER]:  [93mCalling start_run config hook[0m
[ww 05:06:57] run run_4_repetition_1: {'model': 'llama', 'engine': 'vllm', 'profile': 'chat', 'context': 'medium'}
[ww 05:09:21] vllm ready in 139.12 s; warm-up 60 s
[EXPERIMENT_RUNNER]:  [93m... Starting measurement ...[0m
[EXPERIMENT_RUNNER]:  [93mCalling interaction config hook[0m
[ww 05:10:51] measured phase: 40 units at concurrency 8
[EXPERIMENT_RUNNER]:  [92m... Run completed ...[0m
[EXPERIMENT_RUNNER]:  [93m... Stopping measurement ...[0m
[EXPERIMENT_RUNNER]:  [93mCalling stop_run config hook[0m
[EXPERIMENT_RUNNER]:  [93mCalling populate_run_data config hook[0m
[ww 05:19:29] result: valid=1  E_tok=0.394154 J/tok window=207.864 s
[EXPERIMENT_RUNNER]:  [93mCSVManager: Updated row run_4_repetition_1[0m
[EXPERIMENT_RUNNER]:  [93mCalling before_run config hook[0m

-----------------NEW RUN [52 / 260]-----------------

[EXPERIMENT_RUNNER]:  [93mCalling start_run config hook[0m
[ww 05:19:29] run run_16_repetition_1: {'model': 'llama', 'engine': 'sglang', 'profile': 'agentic', 'context': 'medium'}
[ww 05:22:19] sglang ready in 165.11 s; warm-up 60 s
[EXPERIMENT_RUNNER]:  [93m... Starting measurement ...[0m
[EXPERIMENT_RUNNER]:  [93mCalling interaction config hook[0m
[ww 05:23:35] measured phase: 176 units at concurrency 8
[EXPERIMENT_RUNNER]:  [92m... Run completed ...[0m
[EXPERIMENT_RUNNER]:  [93m... Stopping measurement ...[0m
[EXPERIMENT_RUNNER]:  [93mCalling stop_run config hook[0m
[EXPERIMENT_RUNNER]:  [93mCalling populate_run_data config hook[0m
[ww 05:32:19] result: valid=1  E_tok=0.380328 J/tok window=209.944 s
[EXPERIMENT_RUNNER]:  [93mCSVManager: Updated row run_16_repetition_1[0m
[EXPERIMENT_RUNNER]:  [93mCalling before_run config hook[0m

-----------------NEW RUN [53 / 260]-----------------

[EXPERIMENT_RUNNER]:  [93mCalling start_run config hook[0m
[ww 05:32:19] run run_21_repetition_2: {'model': 'qwen', 'engine': 'vllm', 'profile': 'agentic', 'context': 'large'}
[ww 05:34:16] vllm ready in 112.08 s; warm-up 60 s
[EXPERIMENT_RUNNER]:  [93m... Starting measurement ...[0m
[EXPERIMENT_RUNNER]:  [93mCalling interaction config hook[0m
[ww 05:35:25] measured phase: 144 units at concurrency 8
[EXPERIMENT_RUNNER]:  [92m... Run completed ...[0m
[EXPERIMENT_RUNNER]:  [93m... Stopping measurement ...[0m
[EXPERIMENT_RUNNER]:  [93mCalling stop_run config hook[0m
[EXPERIMENT_RUNNER]:  [93mCalling populate_run_data config hook[0m
[ww 05:44:18] result: valid=1  E_tok=0.667069 J/tok window=224.945 s
[EXPERIMENT_RUNNER]:  [93mCSVManager: Updated row run_21_repetition_2[0m
[EXPERIMENT_RUNNER]:  [93mCalling before_run config hook[0m

-----------------NEW RUN [54 / 260]-----------------

[EXPERIMENT_RUNNER]:  [93mCalling start_run config hook[0m
[ww 05:44:18] run run_17_repetition_2: {'model': 'llama', 'engine': 'sglang', 'profile': 'agentic', 'context': 'large'}
[ww 05:47:16] sglang ready in 173.12 s; warm-up 60 s
[EXPERIMENT_RUNNER]:  [93m... Starting measurement ...[0m
[EXPERIMENT_RUNNER]:  [93mCalling interaction config hook[0m
[ww 05:48:35] measured phase: 120 units at concurrency 8
[EXPERIMENT_RUNNER]:  [92m... Run completed ...[0m
[EXPERIMENT_RUNNER]:  [93m... Stopping measurement ...[0m
[EXPERIMENT_RUNNER]:  [93mCalling stop_run config hook[0m
[EXPERIMENT_RUNNER]:  [93mCalling populate_run_data config hook[0m
[ww 05:57:19] result: valid=1  E_tok=0.63988 J/tok window=214.633 s
[EXPERIMENT_RUNNER]:  [93mCSVManager: Updated row run_17_repetition_2[0m
[EXPERIMENT_RUNNER]:  [93mCalling before_run config hook[0m

-----------------NEW RUN [55 / 260]-----------------

[EXPERIMENT_RUNNER]:  [93mCalling start_run config hook[0m
[ww 05:57:19] run run_25_repetition_2: {'model': 'qwen', 'engine': 'sglang', 'profile': 'agentic', 'context': 'large'}
[ww 05:59:48] sglang ready in 144.11 s; warm-up 60 s
[EXPERIMENT_RUNNER]:  [93m... Starting measurement ...[0m
[EXPERIMENT_RUNNER]:  [93mCalling interaction config hook[0m
[ww 06:00:57] measured phase: 144 units at concurrency 8
[EXPERIMENT_RUNNER]:  [92m... Run completed ...[0m
[EXPERIMENT_RUNNER]:  [93m... Stopping measurement ...[0m
[EXPERIMENT_RUNNER]:  [93mCalling stop_run config hook[0m
[EXPERIMENT_RUNNER]:  [93mCalling populate_run_data config hook[0m
[ww 06:09:50] result: valid=1  E_tok=0.640467 J/tok window=218.425 s
[EXPERIMENT_RUNNER]:  [93mCSVManager: Updated row run_25_repetition_2[0m
[EXPERIMENT_RUNNER]:  [93mCalling before_run config hook[0m

-----------------NEW RUN [56 / 260]-----------------

[EXPERIMENT_RUNNER]:  [93mCalling start_run config hook[0m
[ww 06:09:50] run run_14_repetition_2: {'model': 'llama', 'engine': 'sglang', 'profile': 'chat', 'context': 'large'}
[ww 06:12:54] sglang ready in 179.11 s; warm-up 60 s
[EXPERIMENT_RUNNER]:  [93m... Starting measurement ...[0m
[EXPERIMENT_RUNNER]:  [93mCalling interaction config hook[0m
[ww 06:14:06] measured phase: 32 units at concurrency 8
[EXPERIMENT_RUNNER]:  [92m... Run completed ...[0m
[EXPERIMENT_RUNNER]:  [93m... Stopping measurement ...[0m
[EXPERIMENT_RUNNER]:  [93mCalling stop_run config hook[0m
[EXPERIMENT_RUNNER]:  [93mCalling populate_run_data config hook[0m
[ww 06:23:40] result: valid=1  E_tok=0.691083 J/tok window=259.437 s
[EXPERIMENT_RUNNER]:  [93mCSVManager: Updated row run_14_repetition_2[0m
[EXPERIMENT_RUNNER]:  [93mCalling before_run config hook[0m

-----------------NEW RUN [57 / 260]-----------------

[EXPERIMENT_RUNNER]:  [93mCalling start_run config hook[0m
[ww 06:23:40] run run_8_repetition_2: {'model': 'llama', 'engine': 'vllm', 'profile': 'agentic', 'context': 'large'}
[ww 06:26:07] vllm ready in 142.08 s; warm-up 60 s
[EXPERIMENT_RUNNER]:  [93m... Starting measurement ...[0m
[EXPERIMENT_RUNNER]:  [93mCalling interaction config hook[0m
[ww 06:27:18] measured phase: 120 units at concurrency 8
[EXPERIMENT_RUNNER]:  [92m... Run completed ...[0m
[EXPERIMENT_RUNNER]:  [93m... Stopping measurement ...[0m
[EXPERIMENT_RUNNER]:  [93mCalling stop_run config hook[0m
[EXPERIMENT_RUNNER]:  [93mCalling populate_run_data config hook[0m
[ww 06:36:26] result: valid=1  E_tok=0.821651 J/tok window=237.566 s
[EXPERIMENT_RUNNER]:  [93mCSVManager: Updated row run_8_repetition_2[0m
[EXPERIMENT_RUNNER]:  [93mCalling before_run config hook[0m

-----------------NEW RUN [58 / 260]-----------------

[EXPERIMENT_RUNNER]:  [93mCalling start_run config hook[0m
[ww 06:36:26] run run_22_repetition_2: {'model': 'qwen', 'engine': 'sglang', 'profile': 'api', 'context': 'small'}
[ww 06:39:10] sglang ready in 158.11 s; warm-up 60 s
[EXPERIMENT_RUNNER]:  [93m... Starting measurement ...[0m
[EXPERIMENT_RUNNER]:  [93mCalling interaction config hook[0m
[ww 06:40:25] measured phase: 192 units at concurrency 8
[EXPERIMENT_RUNNER]:  [92m... Run completed ...[0m
[EXPERIMENT_RUNNER]:  [93m... Stopping measurement ...[0m
[EXPERIMENT_RUNNER]:  [93mCalling stop_run config hook[0m
[EXPERIMENT_RUNNER]:  [93mCalling populate_run_data config hook[0m
[ww 06:49:09] result: valid=1  E_tok=0.315848 J/tok window=211.066 s
[EXPERIMENT_RUNNER]:  [93mCSVManager: Updated row run_22_repetition_2[0m
[EXPERIMENT_RUNNER]:  [93mCalling before_run config hook[0m

-----------------NEW RUN [59 / 260]-----------------

[EXPERIMENT_RUNNER]:  [93mCalling start_run config hook[0m
[ww 06:49:09] run run_11_repetition_2: {'model': 'llama', 'engine': 'sglang', 'profile': 'api', 'context': 'large'}
[ww 06:52:18] sglang ready in 184.12 s; warm-up 60 s
[EXPERIMENT_RUNNER]:  [93m... Starting measurement ...[0m
[EXPERIMENT_RUNNER]:  [93mCalling interaction config hook[0m
[ww 06:53:45] measured phase: 64 units at concurrency 8
[EXPERIMENT_RUNNER]:  [92m... Run completed ...[0m
[EXPERIMENT_RUNNER]:  [93m... Stopping measurement ...[0m
[EXPERIMENT_RUNNER]:  [93mCalling stop_run config hook[0m
[EXPERIMENT_RUNNER]:  [93mCalling populate_run_data config hook[0m
[ww 07:02:32] result: valid=1  E_tok=1.669928 J/tok window=213.67 s
[EXPERIMENT_RUNNER]:  [93mCSVManager: Updated row run_11_repetition_2[0m
[EXPERIMENT_RUNNER]:  [93mCalling before_run config hook[0m

-----------------NEW RUN [60 / 260]-----------------

[EXPERIMENT_RUNNER]:  [93mCalling start_run config hook[0m
[ww 07:02:32] run run_12_repetition_2: {'model': 'llama', 'engine': 'sglang', 'profile': 'chat', 'context': 'small'}
[ww 07:05:39] sglang ready in 181.1 s; warm-up 60 s
[EXPERIMENT_RUNNER]:  [93m... Starting measurement ...[0m
[EXPERIMENT_RUNNER]:  [93mCalling interaction config hook[0m
[ww 07:06:57] measured phase: 48 units at concurrency 8
[EXPERIMENT_RUNNER]:  [92m... Run completed ...[0m
[EXPERIMENT_RUNNER]:  [93m... Stopping measurement ...[0m
[EXPERIMENT_RUNNER]:  [93mCalling stop_run config hook[0m
[EXPERIMENT_RUNNER]:  [93mCalling populate_run_data config hook[0m
[ww 07:15:50] result: valid=1  E_tok=0.301606 J/tok window=219.05 s
[EXPERIMENT_RUNNER]:  [93mCSVManager: Updated row run_12_repetition_2[0m
[EXPERIMENT_RUNNER]:  [93mCalling before_run config hook[0m

-----------------NEW RUN [61 / 260]-----------------

[EXPERIMENT_RUNNER]:  [93mCalling start_run config hook[0m
[ww 07:15:50] run run_23_repetition_2: {'model': 'qwen', 'engine': 'sglang', 'profile': 'api', 'context': 'large'}
[ww 07:18:39] sglang ready in 164.13 s; warm-up 60 s
[EXPERIMENT_RUNNER]:  [93m... Starting measurement ...[0m
[EXPERIMENT_RUNNER]:  [93mCalling interaction config hook[0m
[ww 07:19:53] measured phase: 80 units at concurrency 8
[EXPERIMENT_RUNNER]:  [92m... Run completed ...[0m
[EXPERIMENT_RUNNER]:  [93m... Stopping measurement ...[0m
[EXPERIMENT_RUNNER]:  [93mCalling stop_run config hook[0m
[EXPERIMENT_RUNNER]:  [93mCalling populate_run_data config hook[0m
[ww 07:28:55] result: valid=1  E_tok=1.348029 J/tok window=228.136 s
[EXPERIMENT_RUNNER]:  [93mCSVManager: Updated row run_23_repetition_2[0m
[EXPERIMENT_RUNNER]:  [93mCalling before_run config hook[0m

-----------------NEW RUN [62 / 260]-----------------

[EXPERIMENT_RUNNER]:  [93mCalling start_run config hook[0m
[ww 07:28:56] run run_0_repetition_2: {'model': 'llama', 'engine': 'vllm', 'profile': 'api', 'context': 'small'}
[ww 07:31:17] vllm ready in 136.08 s; warm-up 60 s
[EXPERIMENT_RUNNER]:  [93m... Starting measurement ...[0m
[EXPERIMENT_RUNNER]:  [93mCalling interaction config hook[0m
[ww 07:32:29] measured phase: 184 units at concurrency 8
[EXPERIMENT_RUNNER]:  [92m... Run completed ...[0m
[EXPERIMENT_RUNNER]:  [93m... Stopping measurement ...[0m
[EXPERIMENT_RUNNER]:  [93mCalling stop_run config hook[0m
[EXPERIMENT_RUNNER]:  [93mCalling populate_run_data config hook[0m
[ww 07:41:17] result: valid=1  E_tok=0.360515 J/tok window=218.174 s
[EXPERIMENT_RUNNER]:  [93mCSVManager: Updated row run_0_repetition_2[0m
[EXPERIMENT_RUNNER]:  [93mCalling before_run config hook[0m

-----------------NEW RUN [63 / 260]-----------------

[EXPERIMENT_RUNNER]:  [93mCalling start_run config hook[0m
[ww 07:41:17] run run_10_repetition_2: {'model': 'llama', 'engine': 'sglang', 'profile': 'api', 'context': 'medium'}
[ww 07:44:25] sglang ready in 182.15 s; warm-up 60 s
[EXPERIMENT_RUNNER]:  [93m... Starting measurement ...[0m
[EXPERIMENT_RUNNER]:  [93mCalling interaction config hook[0m
[ww 07:45:35] measured phase: 136 units at concurrency 8
[EXPERIMENT_RUNNER]:  [92m... Run completed ...[0m
[EXPERIMENT_RUNNER]:  [93m... Stopping measurement ...[0m
[EXPERIMENT_RUNNER]:  [93mCalling stop_run config hook[0m
[EXPERIMENT_RUNNER]:  [93mCalling populate_run_data config hook[0m
[ww 07:54:28] result: valid=1  E_tok=0.561662 J/tok window=219.455 s
[EXPERIMENT_RUNNER]:  [93mCSVManager: Updated row run_10_repetition_2[0m
[EXPERIMENT_RUNNER]:  [93mCalling before_run config hook[0m

-----------------NEW RUN [64 / 260]-----------------

[EXPERIMENT_RUNNER]:  [93mCalling start_run config hook[0m
[ww 07:54:28] run run_13_repetition_2: {'model': 'llama', 'engine': 'sglang', 'profile': 'chat', 'context': 'medium'}
[ww 07:57:14] sglang ready in 161.13 s; warm-up 60 s
[EXPERIMENT_RUNNER]:  [93m... Starting measurement ...[0m
[EXPERIMENT_RUNNER]:  [93mCalling interaction config hook[0m
[ww 07:58:44] measured phase: 40 units at concurrency 8
[EXPERIMENT_RUNNER]:  [92m... Run completed ...[0m
[EXPERIMENT_RUNNER]:  [93m... Stopping measurement ...[0m
[EXPERIMENT_RUNNER]:  [93mCalling stop_run config hook[0m
[EXPERIMENT_RUNNER]:  [93mCalling populate_run_data config hook[0m
[ww 08:07:33] result: valid=1  E_tok=0.371263 J/tok window=212.336 s
[EXPERIMENT_RUNNER]:  [93mCSVManager: Updated row run_13_repetition_2[0m
[EXPERIMENT_RUNNER]:  [93mCalling before_run config hook[0m

-----------------NEW RUN [65 / 260]-----------------

[EXPERIMENT_RUNNER]:  [93mCalling start_run config hook[0m
[ww 08:07:33] run run_15_repetition_2: {'model': 'llama', 'engine': 'sglang', 'profile': 'agentic', 'context': 'small'}
[ww 08:10:17] sglang ready in 159.12 s; warm-up 60 s
[EXPERIMENT_RUNNER]:  [93m... Starting measurement ...[0m
[EXPERIMENT_RUNNER]:  [93mCalling interaction config hook[0m
[ww 08:11:33] measured phase: 192 units at concurrency 8
[EXPERIMENT_RUNNER]:  [92m... Run completed ...[0m
[EXPERIMENT_RUNNER]:  [93m... Stopping measurement ...[0m
[EXPERIMENT_RUNNER]:  [93mCalling stop_run config hook[0m
[EXPERIMENT_RUNNER]:  [93mCalling populate_run_data config hook[0m
[ww 08:20:17] result: valid=1  E_tok=0.284968 J/tok window=210.614 s
[EXPERIMENT_RUNNER]:  [93mCSVManager: Updated row run_15_repetition_2[0m
[EXPERIMENT_RUNNER]:  [93mCalling before_run config hook[0m

-----------------NEW RUN [66 / 260]-----------------

[EXPERIMENT_RUNNER]:  [93mCalling start_run config hook[0m
[ww 08:20:17] run run_7_repetition_2: {'model': 'llama', 'engine': 'vllm', 'profile': 'agentic', 'context': 'medium'}
[ww 08:22:16] vllm ready in 114.09 s; warm-up 60 s
[EXPERIMENT_RUNNER]:  [93m... Starting measurement ...[0m
[EXPERIMENT_RUNNER]:  [93mCalling interaction config hook[0m
[ww 08:23:31] measured phase: 176 units at concurrency 8
[EXPERIMENT_RUNNER]:  [92m... Run completed ...[0m
[EXPERIMENT_RUNNER]:  [93m... Stopping measurement ...[0m
[EXPERIMENT_RUNNER]:  [93mCalling stop_run config hook[0m
[EXPERIMENT_RUNNER]:  [93mCalling populate_run_data config hook[0m
[ww 08:32:09] result: valid=1  E_tok=0.350482 J/tok window=210.417 s
[EXPERIMENT_RUNNER]:  [93mCSVManager: Updated row run_7_repetition_2[0m
[EXPERIMENT_RUNNER]:  [93mCalling before_run config hook[0m

-----------------NEW RUN [67 / 260]-----------------

[EXPERIMENT_RUNNER]:  [93mCalling start_run config hook[0m
[ww 08:32:09] run run_9_repetition_2: {'model': 'llama', 'engine': 'sglang', 'profile': 'api', 'context': 'small'}
[ww 08:35:16] sglang ready in 182.11 s; warm-up 60 s
[EXPERIMENT_RUNNER]:  [93m... Starting measurement ...[0m
[EXPERIMENT_RUNNER]:  [93mCalling interaction config hook[0m
[ww 08:36:29] measured phase: 184 units at concurrency 8
[EXPERIMENT_RUNNER]:  [92m... Run completed ...[0m
[EXPERIMENT_RUNNER]:  [93m... Stopping measurement ...[0m
[EXPERIMENT_RUNNER]:  [93mCalling stop_run config hook[0m
[EXPERIMENT_RUNNER]:  [93mCalling populate_run_data config hook[0m
[ww 08:45:22] result: valid=1  E_tok=0.349468 J/tok window=217.185 s
[EXPERIMENT_RUNNER]:  [93mCSVManager: Updated row run_9_repetition_2[0m
[EXPERIMENT_RUNNER]:  [93mCalling before_run config hook[0m

-----------------NEW RUN [68 / 260]-----------------

[EXPERIMENT_RUNNER]:  [93mCalling start_run config hook[0m
[ww 08:45:22] run run_19_repetition_2: {'model': 'qwen', 'engine': 'vllm', 'profile': 'api', 'context': 'large'}
[ww 08:47:24] vllm ready in 117.09 s; warm-up 60 s
[EXPERIMENT_RUNNER]:  [93m... Starting measurement ...[0m
[EXPERIMENT_RUNNER]:  [93mCalling interaction config hook[0m
[ww 08:48:41] measured phase: 80 units at concurrency 8
[EXPERIMENT_RUNNER]:  [92m... Run completed ...[0m
[EXPERIMENT_RUNNER]:  [93m... Stopping measurement ...[0m
[EXPERIMENT_RUNNER]:  [93mCalling stop_run config hook[0m
[EXPERIMENT_RUNNER]:  [93mCalling populate_run_data config hook[0m
[ww 08:57:49] result: valid=1  E_tok=1.636722 J/tok window=237.59 s
[EXPERIMENT_RUNNER]:  [93mCSVManager: Updated row run_19_repetition_2[0m
[EXPERIMENT_RUNNER]:  [93mCalling before_run config hook[0m

-----------------NEW RUN [69 / 260]-----------------

[EXPERIMENT_RUNNER]:  [93mCalling start_run config hook[0m
[ww 08:57:49] run run_2_repetition_2: {'model': 'llama', 'engine': 'vllm', 'profile': 'api', 'context': 'large'}
[ww 09:00:13] vllm ready in 139.1 s; warm-up 60 s
[EXPERIMENT_RUNNER]:  [93m... Starting measurement ...[0m
[EXPERIMENT_RUNNER]:  [93mCalling interaction config hook[0m
[ww 09:01:33] measured phase: 64 units at concurrency 8
[EXPERIMENT_RUNNER]:  [92m... Run completed ...[0m
[EXPERIMENT_RUNNER]:  [93m... Stopping measurement ...[0m
[EXPERIMENT_RUNNER]:  [93mCalling stop_run config hook[0m
[EXPERIMENT_RUNNER]:  [93mCalling populate_run_data config hook[0m
[ww 09:10:31] result: valid=1  E_tok=1.849495 J/tok window=228.126 s
[EXPERIMENT_RUNNER]:  [93mCSVManager: Updated row run_2_repetition_2[0m
[EXPERIMENT_RUNNER]:  [93mCalling before_run config hook[0m

-----------------NEW RUN [70 / 260]-----------------

[EXPERIMENT_RUNNER]:  [93mCalling start_run config hook[0m
[ww 09:10:31] run run_16_repetition_2: {'model': 'llama', 'engine': 'sglang', 'profile': 'agentic', 'context': 'medium'}
[ww 09:13:26] sglang ready in 170.12 s; warm-up 60 s
[EXPERIMENT_RUNNER]:  [93m... Starting measurement ...[0m
[EXPERIMENT_RUNNER]:  [93mCalling interaction config hook[0m
[ww 09:14:42] measured phase: 176 units at concurrency 8
[EXPERIMENT_RUNNER]:  [92m... Run completed ...[0m
[EXPERIMENT_RUNNER]:  [93m... Stopping measurement ...[0m
[EXPERIMENT_RUNNER]:  [93mCalling stop_run config hook[0m
[EXPERIMENT_RUNNER]:  [93mCalling populate_run_data config hook[0m
[ww 09:23:31] result: valid=1  E_tok=0.35221 J/tok window=216.118 s
[EXPERIMENT_RUNNER]:  [93mCSVManager: Updated row run_16_repetition_2[0m
[EXPERIMENT_RUNNER]:  [93mCalling before_run config hook[0m

-----------------NEW RUN [71 / 260]-----------------

[EXPERIMENT_RUNNER]:  [93mCalling start_run config hook[0m
[ww 09:23:31] run run_5_repetition_2: {'model': 'llama', 'engine': 'vllm', 'profile': 'chat', 'context': 'large'}
[ww 09:25:54] vllm ready in 137.08 s; warm-up 60 s
[EXPERIMENT_RUNNER]:  [93m... Starting measurement ...[0m
[EXPERIMENT_RUNNER]:  [93mCalling interaction config hook[0m
[ww 09:27:09] measured phase: 32 units at concurrency 8
[EXPERIMENT_RUNNER]:  [92m... Run completed ...[0m
[EXPERIMENT_RUNNER]:  [93m... Stopping measurement ...[0m
[EXPERIMENT_RUNNER]:  [93mCalling stop_run config hook[0m
[EXPERIMENT_RUNNER]:  [93mCalling populate_run_data config hook[0m
[ww 09:36:49] result: valid=1  E_tok=0.85373 J/tok window=272.992 s
[EXPERIMENT_RUNNER]:  [93mCSVManager: Updated row run_5_repetition_2[0m
[EXPERIMENT_RUNNER]:  [93mCalling before_run config hook[0m

-----------------NEW RUN [72 / 260]-----------------

[EXPERIMENT_RUNNER]:  [93mCalling start_run config hook[0m
[ww 09:36:49] run run_20_repetition_2: {'model': 'qwen', 'engine': 'vllm', 'profile': 'agentic', 'context': 'small'}
[ww 09:38:39] vllm ready in 105.09 s; warm-up 60 s
[EXPERIMENT_RUNNER]:  [93m... Starting measurement ...[0m
[EXPERIMENT_RUNNER]:  [93mCalling interaction config hook[0m
[ww 09:39:50] measured phase: 208 units at concurrency 8
[EXPERIMENT_RUNNER]:  [92m... Run completed ...[0m
[EXPERIMENT_RUNNER]:  [93m... Stopping measurement ...[0m
[EXPERIMENT_RUNNER]:  [93mCalling stop_run config hook[0m
[EXPERIMENT_RUNNER]:  [93mCalling populate_run_data config hook[0m
[ww 09:48:33] result: valid=1  E_tok=0.267172 J/tok window=213.142 s
[EXPERIMENT_RUNNER]:  [93mCSVManager: Updated row run_20_repetition_2[0m
[EXPERIMENT_RUNNER]:  [93mCalling before_run config hook[0m

-----------------NEW RUN [73 / 260]-----------------

[EXPERIMENT_RUNNER]:  [93mCalling start_run config hook[0m
[ww 09:48:33] run run_1_repetition_2: {'model': 'llama', 'engine': 'vllm', 'profile': 'api', 'context': 'medium'}
[ww 09:50:54] vllm ready in 136.09 s; warm-up 60 s
[EXPERIMENT_RUNNER]:  [93m... Starting measurement ...[0m
[EXPERIMENT_RUNNER]:  [93mCalling interaction config hook[0m
[ww 09:52:05] measured phase: 136 units at concurrency 8
[EXPERIMENT_RUNNER]:  [92m... Run completed ...[0m
[EXPERIMENT_RUNNER]:  [93m... Stopping measurement ...[0m
[EXPERIMENT_RUNNER]:  [93mCalling stop_run config hook[0m
[EXPERIMENT_RUNNER]:  [93mCalling populate_run_data config hook[0m
[ww 10:00:59] result: valid=1  E_tok=0.649643 J/tok window=223.373 s
[EXPERIMENT_RUNNER]:  [93mCSVManager: Updated row run_1_repetition_2[0m
[EXPERIMENT_RUNNER]:  [93mCalling before_run config hook[0m

-----------------NEW RUN [74 / 260]-----------------

[EXPERIMENT_RUNNER]:  [93mCalling start_run config hook[0m
[ww 10:00:59] run run_6_repetition_2: {'model': 'llama', 'engine': 'vllm', 'profile': 'agentic', 'context': 'small'}
[ww 10:03:23] vllm ready in 139.08 s; warm-up 60 s
[EXPERIMENT_RUNNER]:  [93m... Starting measurement ...[0m
[EXPERIMENT_RUNNER]:  [93mCalling interaction config hook[0m
[ww 10:04:39] measured phase: 192 units at concurrency 8
[EXPERIMENT_RUNNER]:  [92m... Run completed ...[0m
[EXPERIMENT_RUNNER]:  [93m... Stopping measurement ...[0m
[EXPERIMENT_RUNNER]:  [93mCalling stop_run config hook[0m
[EXPERIMENT_RUNNER]:  [93mCalling populate_run_data config hook[0m
[ww 10:13:22] result: valid=1  E_tok=0.280946 J/tok window=212.505 s
[EXPERIMENT_RUNNER]:  [93mCSVManager: Updated row run_6_repetition_2[0m
[EXPERIMENT_RUNNER]:  [93mCalling before_run config hook[0m

-----------------NEW RUN [75 / 260]-----------------

[EXPERIMENT_RUNNER]:  [93mCalling start_run config hook[0m
[ww 10:13:22] run run_3_repetition_2: {'model': 'llama', 'engine': 'vllm', 'profile': 'chat', 'context': 'small'}
[ww 10:15:45] vllm ready in 137.08 s; warm-up 60 s
[EXPERIMENT_RUNNER]:  [93m... Starting measurement ...[0m
[EXPERIMENT_RUNNER]:  [93mCalling interaction config hook[0m
[ww 10:17:02] measured phase: 48 units at concurrency 8
[EXPERIMENT_RUNNER]:  [92m... Run completed ...[0m
[EXPERIMENT_RUNNER]:  [93m... Stopping measurement ...[0m
[EXPERIMENT_RUNNER]:  [93mCalling stop_run config hook[0m
[EXPERIMENT_RUNNER]:  [93mCalling populate_run_data config hook[0m
[ww 10:25:51] result: valid=1  E_tok=0.327706 J/tok window=218.051 s
[EXPERIMENT_RUNNER]:  [93mCSVManager: Updated row run_3_repetition_2[0m
[EXPERIMENT_RUNNER]:  [93mCalling before_run config hook[0m

-----------------NEW RUN [76 / 260]-----------------

[EXPERIMENT_RUNNER]:  [93mCalling start_run config hook[0m
[ww 10:25:51] run run_24_repetition_2: {'model': 'qwen', 'engine': 'sglang', 'profile': 'agentic', 'context': 'small'}
[ww 10:28:37] sglang ready in 161.12 s; warm-up 60 s
[EXPERIMENT_RUNNER]:  [93m... Starting measurement ...[0m
[EXPERIMENT_RUNNER]:  [93mCalling interaction config hook[0m
[ww 10:29:48] measured phase: 208 units at concurrency 8
[EXPERIMENT_RUNNER]:  [92m... Run completed ...[0m
[EXPERIMENT_RUNNER]:  [93m... Stopping measurement ...[0m
[EXPERIMENT_RUNNER]:  [93mCalling stop_run config hook[0m
[EXPERIMENT_RUNNER]:  [93mCalling populate_run_data config hook[0m
[ww 10:38:32] result: valid=1  E_tok=0.273962 J/tok window=211.774 s
[EXPERIMENT_RUNNER]:  [93mCSVManager: Updated row run_24_repetition_2[0m
[EXPERIMENT_RUNNER]:  [93mCalling before_run config hook[0m

-----------------NEW RUN [77 / 260]-----------------

[EXPERIMENT_RUNNER]:  [93mCalling start_run config hook[0m
[ww 10:38:32] run run_4_repetition_2: {'model': 'llama', 'engine': 'vllm', 'profile': 'chat', 'context': 'medium'}
[ww 10:40:53] vllm ready in 136.11 s; warm-up 60 s
[EXPERIMENT_RUNNER]:  [93m... Starting measurement ...[0m
[EXPERIMENT_RUNNER]:  [93mCalling interaction config hook[0m
[ww 10:42:23] measured phase: 40 units at concurrency 8
[EXPERIMENT_RUNNER]:  [92m... Run completed ...[0m
[EXPERIMENT_RUNNER]:  [93m... Stopping measurement ...[0m
[EXPERIMENT_RUNNER]:  [93mCalling stop_run config hook[0m
[EXPERIMENT_RUNNER]:  [93mCalling populate_run_data config hook[0m
[ww 10:51:06] result: valid=1  E_tok=0.382888 J/tok window=212.74 s
[EXPERIMENT_RUNNER]:  [93mCSVManager: Updated row run_4_repetition_2[0m
[EXPERIMENT_RUNNER]:  [93mCalling before_run config hook[0m

-----------------NEW RUN [78 / 260]-----------------

[EXPERIMENT_RUNNER]:  [93mCalling start_run config hook[0m
[ww 10:51:06] run run_18_repetition_2: {'model': 'qwen', 'engine': 'vllm', 'profile': 'api', 'context': 'small'}
[ww 10:53:21] vllm ready in 130.08 s; warm-up 60 s
[EXPERIMENT_RUNNER]:  [93m... Starting measurement ...[0m
[EXPERIMENT_RUNNER]:  [93mCalling interaction config hook[0m
[ww 10:54:37] measured phase: 192 units at concurrency 8
[EXPERIMENT_RUNNER]:  [92m... Run completed ...[0m
[EXPERIMENT_RUNNER]:  [93m... Stopping measurement ...[0m
[EXPERIMENT_RUNNER]:  [93mCalling stop_run config hook[0m
[EXPERIMENT_RUNNER]:  [93mCalling populate_run_data config hook[0m
[ww 11:03:15] result: valid=1  E_tok=0.32983 J/tok window=210.018 s
[EXPERIMENT_RUNNER]:  [93mCSVManager: Updated row run_18_repetition_2[0m
[EXPERIMENT_RUNNER]:  [93mCalling before_run config hook[0m

-----------------NEW RUN [79 / 260]-----------------

[EXPERIMENT_RUNNER]:  [93mCalling start_run config hook[0m
[ww 11:03:15] run run_17_repetition_3: {'model': 'llama', 'engine': 'sglang', 'profile': 'agentic', 'context': 'large'}
[ww 11:06:17] sglang ready in 177.12 s; warm-up 60 s
[EXPERIMENT_RUNNER]:  [93m... Starting measurement ...[0m
[EXPERIMENT_RUNNER]:  [93mCalling interaction config hook[0m
[ww 11:07:37] measured phase: 120 units at concurrency 8
[EXPERIMENT_RUNNER]:  [92m... Run completed ...[0m
[EXPERIMENT_RUNNER]:  [93m... Stopping measurement ...[0m
[EXPERIMENT_RUNNER]:  [93mCalling stop_run config hook[0m
[EXPERIMENT_RUNNER]:  [93mCalling populate_run_data config hook[0m
[ww 11:16:20] result: valid=1  E_tok=0.731568 J/tok window=215.781 s
[EXPERIMENT_RUNNER]:  [93mCSVManager: Updated row run_17_repetition_3[0m
[EXPERIMENT_RUNNER]:  [93mCalling before_run config hook[0m

-----------------NEW RUN [80 / 260]-----------------

[EXPERIMENT_RUNNER]:  [93mCalling start_run config hook[0m
[ww 11:16:20] run run_21_repetition_3: {'model': 'qwen', 'engine': 'vllm', 'profile': 'agentic', 'context': 'large'}
[ww 11:18:32] vllm ready in 127.08 s; warm-up 60 s
[EXPERIMENT_RUNNER]:  [93m... Starting measurement ...[0m
[EXPERIMENT_RUNNER]:  [93mCalling interaction config hook[0m
[ww 11:19:41] measured phase: 144 units at concurrency 8
[EXPERIMENT_RUNNER]:  [92m... Run completed ...[0m
[EXPERIMENT_RUNNER]:  [93m... Stopping measurement ...[0m
[EXPERIMENT_RUNNER]:  [93mCalling stop_run config hook[0m
[EXPERIMENT_RUNNER]:  [93mCalling populate_run_data config hook[0m
[ww 11:28:40] result: valid=1  E_tok=0.621965 J/tok window=227.618 s
[EXPERIMENT_RUNNER]:  [93mCSVManager: Updated row run_21_repetition_3[0m
[EXPERIMENT_RUNNER]:  [93mCalling before_run config hook[0m

-----------------NEW RUN [81 / 260]-----------------

[EXPERIMENT_RUNNER]:  [93mCalling start_run config hook[0m
[ww 11:28:40] run run_16_repetition_3: {'model': 'llama', 'engine': 'sglang', 'profile': 'agentic', 'context': 'medium'}
[ww 11:31:50] sglang ready in 185.12 s; warm-up 60 s
[EXPERIMENT_RUNNER]:  [93m... Starting measurement ...[0m
[EXPERIMENT_RUNNER]:  [93mCalling interaction config hook[0m
[ww 11:33:06] measured phase: 176 units at concurrency 8
[EXPERIMENT_RUNNER]:  [92m... Run completed ...[0m
[EXPERIMENT_RUNNER]:  [93m... Stopping measurement ...[0m
[EXPERIMENT_RUNNER]:  [93mCalling stop_run config hook[0m
[EXPERIMENT_RUNNER]:  [93mCalling populate_run_data config hook[0m
[ww 11:41:54] result: valid=1  E_tok=0.393437 J/tok window=216.63 s
[EXPERIMENT_RUNNER]:  [93mCSVManager: Updated row run_16_repetition_3[0m
[EXPERIMENT_RUNNER]:  [93mCalling before_run config hook[0m

-----------------NEW RUN [82 / 260]-----------------

[EXPERIMENT_RUNNER]:  [93mCalling start_run config hook[0m
[ww 11:41:54] run run_22_repetition_3: {'model': 'qwen', 'engine': 'sglang', 'profile': 'api', 'context': 'small'}
[ww 11:44:44] sglang ready in 164.1 s; warm-up 60 s
[EXPERIMENT_RUNNER]:  [93m... Starting measurement ...[0m
[EXPERIMENT_RUNNER]:  [93mCalling interaction config hook[0m
[ww 11:45:59] measured phase: 192 units at concurrency 8
[EXPERIMENT_RUNNER]:  [92m... Run completed ...[0m
[EXPERIMENT_RUNNER]:  [93m... Stopping measurement ...[0m
[EXPERIMENT_RUNNER]:  [93mCalling stop_run config hook[0m
[EXPERIMENT_RUNNER]:  [93mCalling populate_run_data config hook[0m
[ww 11:54:42] result: valid=1  E_tok=0.347432 J/tok window=211.389 s
[EXPERIMENT_RUNNER]:  [93mCSVManager: Updated row run_22_repetition_3[0m
[EXPERIMENT_RUNNER]:  [93mCalling before_run config hook[0m

-----------------NEW RUN [83 / 260]-----------------

[EXPERIMENT_RUNNER]:  [93mCalling start_run config hook[0m
[ww 11:54:42] run run_18_repetition_3: {'model': 'qwen', 'engine': 'vllm', 'profile': 'api', 'context': 'small'}
[ww 11:56:57] vllm ready in 129.1 s; warm-up 60 s
[EXPERIMENT_RUNNER]:  [93m... Starting measurement ...[0m
[EXPERIMENT_RUNNER]:  [93mCalling interaction config hook[0m
[ww 11:58:12] measured phase: 192 units at concurrency 8
[EXPERIMENT_RUNNER]:  [92m... Run completed ...[0m
[EXPERIMENT_RUNNER]:  [93m... Stopping measurement ...[0m
[EXPERIMENT_RUNNER]:  [93mCalling stop_run config hook[0m
[EXPERIMENT_RUNNER]:  [93mCalling populate_run_data config hook[0m
[ww 12:06:50] result: valid=1  E_tok=0.341594 J/tok window=210.799 s
[EXPERIMENT_RUNNER]:  [93mCSVManager: Updated row run_18_repetition_3[0m
[EXPERIMENT_RUNNER]:  [93mCalling before_run config hook[0m

-----------------NEW RUN [84 / 260]-----------------

[EXPERIMENT_RUNNER]:  [93mCalling start_run config hook[0m
[ww 12:06:50] run run_0_repetition_3: {'model': 'llama', 'engine': 'vllm', 'profile': 'api', 'context': 'small'}
[ww 12:09:10] vllm ready in 135.09 s; warm-up 60 s
[EXPERIMENT_RUNNER]:  [93m... Starting measurement ...[0m
[EXPERIMENT_RUNNER]:  [93mCalling interaction config hook[0m
[ww 12:10:22] measured phase: 184 units at concurrency 8
[EXPERIMENT_RUNNER]:  [92m... Run completed ...[0m
[EXPERIMENT_RUNNER]:  [93m... Stopping measurement ...[0m
[EXPERIMENT_RUNNER]:  [93mCalling stop_run config hook[0m
[EXPERIMENT_RUNNER]:  [93mCalling populate_run_data config hook[0m
[ww 12:19:06] result: valid=1  E_tok=0.343432 J/tok window=217.578 s
[EXPERIMENT_RUNNER]:  [93mCSVManager: Updated row run_0_repetition_3[0m
[EXPERIMENT_RUNNER]:  [93mCalling before_run config hook[0m

-----------------NEW RUN [85 / 260]-----------------

[EXPERIMENT_RUNNER]:  [93mCalling start_run config hook[0m
[ww 12:19:06] run run_12_repetition_3: {'model': 'llama', 'engine': 'sglang', 'profile': 'chat', 'context': 'small'}
[ww 12:22:10] sglang ready in 179.13 s; warm-up 60 s
[EXPERIMENT_RUNNER]:  [93m... Starting measurement ...[0m
[EXPERIMENT_RUNNER]:  [93mCalling interaction config hook[0m
[ww 12:23:29] measured phase: 48 units at concurrency 8
[EXPERIMENT_RUNNER]:  [92m... Run completed ...[0m
[EXPERIMENT_RUNNER]:  [93m... Stopping measurement ...[0m
[EXPERIMENT_RUNNER]:  [93mCalling stop_run config hook[0m
[EXPERIMENT_RUNNER]:  [93mCalling populate_run_data config hook[0m
[ww 12:32:12] result: valid=1  E_tok=0.317439 J/tok window=213.678 s
[EXPERIMENT_RUNNER]:  [93mCSVManager: Updated row run_12_repetition_3[0m
[EXPERIMENT_RUNNER]:  [93mCalling before_run config hook[0m

-----------------NEW RUN [86 / 260]-----------------

[EXPERIMENT_RUNNER]:  [93mCalling start_run config hook[0m
[ww 12:32:12] run run_10_repetition_3: {'model': 'llama', 'engine': 'sglang', 'profile': 'api', 'context': 'medium'}
[ww 12:35:15] sglang ready in 178.12 s; warm-up 60 s
[EXPERIMENT_RUNNER]:  [93m... Starting measurement ...[0m
[EXPERIMENT_RUNNER]:  [93mCalling interaction config hook[0m
[ww 12:36:26] measured phase: 136 units at concurrency 8
[EXPERIMENT_RUNNER]:  [92m... Run completed ...[0m
[EXPERIMENT_RUNNER]:  [93m... Stopping measurement ...[0m
[EXPERIMENT_RUNNER]:  [93mCalling stop_run config hook[0m
[EXPERIMENT_RUNNER]:  [93mCalling populate_run_data config hook[0m
[ww 12:45:20] result: valid=1  E_tok=0.598227 J/tok window=220.149 s
[EXPERIMENT_RUNNER]:  [93mCSVManager: Updated row run_10_repetition_3[0m
[EXPERIMENT_RUNNER]:  [93mCalling before_run config hook[0m

-----------------NEW RUN [87 / 260]-----------------

[EXPERIMENT_RUNNER]:  [93mCalling start_run config hook[0m
[ww 12:45:20] run run_1_repetition_3: {'model': 'llama', 'engine': 'vllm', 'profile': 'api', 'context': 'medium'}
[ww 12:47:36] vllm ready in 131.1 s; warm-up 60 s
[EXPERIMENT_RUNNER]:  [93m... Starting measurement ...[0m
[EXPERIMENT_RUNNER]:  [93mCalling interaction config hook[0m
[ww 12:48:47] measured phase: 136 units at concurrency 8
[EXPERIMENT_RUNNER]:  [92m... Run completed ...[0m
[EXPERIMENT_RUNNER]:  [93m... Stopping measurement ...[0m
[EXPERIMENT_RUNNER]:  [93mCalling stop_run config hook[0m
[EXPERIMENT_RUNNER]:  [93mCalling populate_run_data config hook[0m
[ww 12:57:40] result: valid=1  E_tok=0.631556 J/tok window=222.369 s
[EXPERIMENT_RUNNER]:  [93mCSVManager: Updated row run_1_repetition_3[0m
[EXPERIMENT_RUNNER]:  [93mCalling before_run config hook[0m

-----------------NEW RUN [88 / 260]-----------------

[EXPERIMENT_RUNNER]:  [93mCalling start_run config hook[0m
[ww 12:57:40] run run_13_repetition_3: {'model': 'llama', 'engine': 'sglang', 'profile': 'chat', 'context': 'medium'}
[ww 13:00:25] sglang ready in 160.12 s; warm-up 60 s
[EXPERIMENT_RUNNER]:  [93m... Starting measurement ...[0m
[EXPERIMENT_RUNNER]:  [93mCalling interaction config hook[0m
[ww 13:01:55] measured phase: 40 units at concurrency 8
[EXPERIMENT_RUNNER]:  [92m... Run completed ...[0m
[EXPERIMENT_RUNNER]:  [93m... Stopping measurement ...[0m
[EXPERIMENT_RUNNER]:  [93mCalling stop_run config hook[0m
[EXPERIMENT_RUNNER]:  [93mCalling populate_run_data config hook[0m
[ww 13:10:38] result: valid=1  E_tok=0.399168 J/tok window=211.865 s
[EXPERIMENT_RUNNER]:  [93mCSVManager: Updated row run_13_repetition_3[0m
[EXPERIMENT_RUNNER]:  [93mCalling before_run config hook[0m

-----------------NEW RUN [89 / 260]-----------------

[EXPERIMENT_RUNNER]:  [93mCalling start_run config hook[0m
[ww 13:10:38] run run_9_repetition_3: {'model': 'llama', 'engine': 'sglang', 'profile': 'api', 'context': 'small'}
[ww 13:13:24] sglang ready in 161.12 s; warm-up 60 s
[EXPERIMENT_RUNNER]:  [93m... Starting measurement ...[0m
[EXPERIMENT_RUNNER]:  [93mCalling interaction config hook[0m
[ww 13:14:36] measured phase: 184 units at concurrency 8
[EXPERIMENT_RUNNER]:  [92m... Run completed ...[0m
[EXPERIMENT_RUNNER]:  [93m... Stopping measurement ...[0m
[EXPERIMENT_RUNNER]:  [93mCalling stop_run config hook[0m
[EXPERIMENT_RUNNER]:  [93mCalling populate_run_data config hook[0m
[ww 13:23:31] result: valid=1  E_tok=0.336436 J/tok window=220.138 s
[EXPERIMENT_RUNNER]:  [93mCSVManager: Updated row run_9_repetition_3[0m
[EXPERIMENT_RUNNER]:  [93mCalling before_run config hook[0m

-----------------NEW RUN [90 / 260]-----------------

[EXPERIMENT_RUNNER]:  [93mCalling start_run config hook[0m
[ww 13:23:31] run run_14_repetition_3: {'model': 'llama', 'engine': 'sglang', 'profile': 'chat', 'context': 'large'}
[ww 13:26:19] sglang ready in 163.12 s; warm-up 60 s
[EXPERIMENT_RUNNER]:  [93m... Starting measurement ...[0m
[EXPERIMENT_RUNNER]:  [93mCalling interaction config hook[0m
[ww 13:27:31] measured phase: 32 units at concurrency 8
[EXPERIMENT_RUNNER]:  [92m... Run completed ...[0m
[EXPERIMENT_RUNNER]:  [93m... Stopping measurement ...[0m
[EXPERIMENT_RUNNER]:  [93mCalling stop_run config hook[0m
[EXPERIMENT_RUNNER]:  [93mCalling populate_run_data config hook[0m
[ww 13:37:11] result: valid=1  E_tok=0.758624 J/tok window=267.197 s
[EXPERIMENT_RUNNER]:  [93mCSVManager: Updated row run_14_repetition_3[0m
[EXPERIMENT_RUNNER]:  [93mCalling before_run config hook[0m

-----------------NEW RUN [91 / 260]-----------------

[EXPERIMENT_RUNNER]:  [93mCalling start_run config hook[0m
[ww 13:37:11] run run_23_repetition_3: {'model': 'qwen', 'engine': 'sglang', 'profile': 'api', 'context': 'large'}
[ww 13:39:58] sglang ready in 162.11 s; warm-up 60 s
[EXPERIMENT_RUNNER]:  [93m... Starting measurement ...[0m
[EXPERIMENT_RUNNER]:  [93mCalling interaction config hook[0m
[ww 13:41:11] measured phase: 80 units at concurrency 8
[EXPERIMENT_RUNNER]:  [92m... Run completed ...[0m
[EXPERIMENT_RUNNER]:  [93m... Stopping measurement ...[0m
[EXPERIMENT_RUNNER]:  [93mCalling stop_run config hook[0m
[EXPERIMENT_RUNNER]:  [93mCalling populate_run_data config hook[0m
[ww 13:50:14] result: valid=1  E_tok=1.407437 J/tok window=228.672 s
[EXPERIMENT_RUNNER]:  [93mCSVManager: Updated row run_23_repetition_3[0m
[EXPERIMENT_RUNNER]:  [93mCalling before_run config hook[0m

-----------------NEW RUN [92 / 260]-----------------

[EXPERIMENT_RUNNER]:  [93mCalling start_run config hook[0m
[ww 13:50:14] run run_25_repetition_3: {'model': 'qwen', 'engine': 'sglang', 'profile': 'agentic', 'context': 'large'}
[ww 13:53:10] sglang ready in 171.13 s; warm-up 60 s
[EXPERIMENT_RUNNER]:  [93m... Starting measurement ...[0m
[EXPERIMENT_RUNNER]:  [93mCalling interaction config hook[0m
[ww 13:54:19] measured phase: 144 units at concurrency 8
[EXPERIMENT_RUNNER]:  [92m... Run completed ...[0m
[EXPERIMENT_RUNNER]:  [93m... Stopping measurement ...[0m
[EXPERIMENT_RUNNER]:  [93mCalling stop_run config hook[0m
[EXPERIMENT_RUNNER]:  [93mCalling populate_run_data config hook[0m
[ww 14:03:12] result: valid=1  E_tok=0.613143 J/tok window=218.135 s
[EXPERIMENT_RUNNER]:  [93mCSVManager: Updated row run_25_repetition_3[0m
[EXPERIMENT_RUNNER]:  [93mCalling before_run config hook[0m

-----------------NEW RUN [93 / 260]-----------------

[EXPERIMENT_RUNNER]:  [93mCalling start_run config hook[0m
[ww 14:03:12] run run_19_repetition_3: {'model': 'qwen', 'engine': 'vllm', 'profile': 'api', 'context': 'large'}
[ww 14:05:30] vllm ready in 133.08 s; warm-up 60 s
[EXPERIMENT_RUNNER]:  [93m... Starting measurement ...[0m
[EXPERIMENT_RUNNER]:  [93mCalling interaction config hook[0m
[ww 14:06:47] measured phase: 80 units at concurrency 8
[EXPERIMENT_RUNNER]:  [92m... Run completed ...[0m
[EXPERIMENT_RUNNER]:  [93m... Stopping measurement ...[0m
[EXPERIMENT_RUNNER]:  [93mCalling stop_run config hook[0m
[EXPERIMENT_RUNNER]:  [93mCalling populate_run_data config hook[0m
[ww 14:15:55] result: valid=1  E_tok=1.675891 J/tok window=238.841 s
[EXPERIMENT_RUNNER]:  [93mCSVManager: Updated row run_19_repetition_3[0m
[EXPERIMENT_RUNNER]:  [93mCalling before_run config hook[0m

-----------------NEW RUN [94 / 260]-----------------

[EXPERIMENT_RUNNER]:  [93mCalling start_run config hook[0m
[ww 14:15:55] run run_3_repetition_3: {'model': 'llama', 'engine': 'vllm', 'profile': 'chat', 'context': 'small'}
[ww 14:18:08] vllm ready in 128.11 s; warm-up 60 s
[EXPERIMENT_RUNNER]:  [93m... Starting measurement ...[0m
[EXPERIMENT_RUNNER]:  [93mCalling interaction config hook[0m
[ww 14:19:26] measured phase: 48 units at concurrency 8
[EXPERIMENT_RUNNER]:  [92m... Run completed ...[0m
[EXPERIMENT_RUNNER]:  [93m... Stopping measurement ...[0m
[EXPERIMENT_RUNNER]:  [93mCalling stop_run config hook[0m
[EXPERIMENT_RUNNER]:  [93mCalling populate_run_data config hook[0m
[ww 14:28:14] result: valid=1  E_tok=0.306003 J/tok window=218.583 s
[EXPERIMENT_RUNNER]:  [93mCSVManager: Updated row run_3_repetition_3[0m
[EXPERIMENT_RUNNER]:  [93mCalling before_run config hook[0m

-----------------NEW RUN [95 / 260]-----------------

[EXPERIMENT_RUNNER]:  [93mCalling start_run config hook[0m
[ww 14:28:14] run run_2_repetition_3: {'model': 'llama', 'engine': 'vllm', 'profile': 'api', 'context': 'large'}
[ww 14:30:40] vllm ready in 140.12 s; warm-up 60 s
[EXPERIMENT_RUNNER]:  [93m... Starting measurement ...[0m
[EXPERIMENT_RUNNER]:  [93mCalling interaction config hook[0m
[ww 14:31:59] measured phase: 64 units at concurrency 8
[EXPERIMENT_RUNNER]:  [92m... Run completed ...[0m
[EXPERIMENT_RUNNER]:  [93m... Stopping measurement ...[0m
[EXPERIMENT_RUNNER]:  [93mCalling stop_run config hook[0m
[EXPERIMENT_RUNNER]:  [93mCalling populate_run_data config hook[0m
[ww 14:40:57] result: valid=1  E_tok=1.816058 J/tok window=230.246 s
[EXPERIMENT_RUNNER]:  [93mCSVManager: Updated row run_2_repetition_3[0m
[EXPERIMENT_RUNNER]:  [93mCalling before_run config hook[0m

-----------------NEW RUN [96 / 260]-----------------

[EXPERIMENT_RUNNER]:  [93mCalling start_run config hook[0m
[ww 14:40:57] run run_4_repetition_3: {'model': 'llama', 'engine': 'vllm', 'profile': 'chat', 'context': 'medium'}
[ww 14:43:24] vllm ready in 142.08 s; warm-up 60 s
[EXPERIMENT_RUNNER]:  [93m... Starting measurement ...[0m
[EXPERIMENT_RUNNER]:  [93mCalling interaction config hook[0m
[ww 14:44:54] measured phase: 40 units at concurrency 8
[EXPERIMENT_RUNNER]:  [92m... Run completed ...[0m
[EXPERIMENT_RUNNER]:  [93m... Stopping measurement ...[0m
[EXPERIMENT_RUNNER]:  [93mCalling stop_run config hook[0m
[EXPERIMENT_RUNNER]:  [93mCalling populate_run_data config hook[0m
[ww 14:53:32] result: valid=1  E_tok=0.384799 J/tok window=211.151 s
[EXPERIMENT_RUNNER]:  [93mCSVManager: Updated row run_4_repetition_3[0m
[EXPERIMENT_RUNNER]:  [93mCalling before_run config hook[0m

-----------------NEW RUN [97 / 260]-----------------

[EXPERIMENT_RUNNER]:  [93mCalling start_run config hook[0m
[ww 14:53:32] run run_11_repetition_3: {'model': 'llama', 'engine': 'sglang', 'profile': 'api', 'context': 'large'}
[ww 14:56:36] sglang ready in 179.12 s; warm-up 60 s
[EXPERIMENT_RUNNER]:  [93m... Starting measurement ...[0m
[EXPERIMENT_RUNNER]:  [93mCalling interaction config hook[0m
[ww 14:58:03] measured phase: 64 units at concurrency 8
[EXPERIMENT_RUNNER]:  [92m... Run completed ...[0m
[EXPERIMENT_RUNNER]:  [93m... Stopping measurement ...[0m
[EXPERIMENT_RUNNER]:  [93mCalling stop_run config hook[0m
[EXPERIMENT_RUNNER]:  [93mCalling populate_run_data config hook[0m
[ww 15:06:51] result: valid=1  E_tok=1.557138 J/tok window=212.358 s
[EXPERIMENT_RUNNER]:  [93mCSVManager: Updated row run_11_repetition_3[0m
[EXPERIMENT_RUNNER]:  [93mCalling before_run config hook[0m

-----------------NEW RUN [98 / 260]-----------------

[EXPERIMENT_RUNNER]:  [93mCalling start_run config hook[0m
[ww 15:06:51] run run_5_repetition_3: {'model': 'llama', 'engine': 'vllm', 'profile': 'chat', 'context': 'large'}
[ww 15:09:17] vllm ready in 141.12 s; warm-up 60 s
[EXPERIMENT_RUNNER]:  [93m... Starting measurement ...[0m
[EXPERIMENT_RUNNER]:  [93mCalling interaction config hook[0m
[ww 15:10:33] measured phase: 32 units at concurrency 8
[EXPERIMENT_RUNNER]:  [92m... Run completed ...[0m
[EXPERIMENT_RUNNER]:  [93m... Stopping measurement ...[0m
[EXPERIMENT_RUNNER]:  [93mCalling stop_run config hook[0m
[EXPERIMENT_RUNNER]:  [93mCalling populate_run_data config hook[0m
[ww 15:20:17] result: valid=1  E_tok=0.813823 J/tok window=275.234 s
[EXPERIMENT_RUNNER]:  [93mCSVManager: Updated row run_5_repetition_3[0m
[EXPERIMENT_RUNNER]:  [93mCalling before_run config hook[0m

-----------------NEW RUN [99 / 260]-----------------

[EXPERIMENT_RUNNER]:  [93mCalling start_run config hook[0m
[ww 15:20:18] run run_6_repetition_3: {'model': 'llama', 'engine': 'vllm', 'profile': 'agentic', 'context': 'small'}
[ww 15:22:41] vllm ready in 138.09 s; warm-up 60 s
[EXPERIMENT_RUNNER]:  [93m... Starting measurement ...[0m
[EXPERIMENT_RUNNER]:  [93mCalling interaction config hook[0m
[ww 15:23:57] measured phase: 192 units at concurrency 8
[EXPERIMENT_RUNNER]:  [92m... Run completed ...[0m
[EXPERIMENT_RUNNER]:  [93m... Stopping measurement ...[0m
[EXPERIMENT_RUNNER]:  [93mCalling stop_run config hook[0m
[EXPERIMENT_RUNNER]:  [93mCalling populate_run_data config hook[0m
[ww 15:32:31] result: valid=1  E_tok=0.298706 J/tok window=205.625 s
[EXPERIMENT_RUNNER]:  [93mCSVManager: Updated row run_6_repetition_3[0m
[EXPERIMENT_RUNNER]:  [93mCalling before_run config hook[0m

-----------------NEW RUN [100 / 260]-----------------

[EXPERIMENT_RUNNER]:  [93mCalling start_run config hook[0m
[ww 15:32:31] run run_8_repetition_3: {'model': 'llama', 'engine': 'vllm', 'profile': 'agentic', 'context': 'large'}
[ww 15:34:57] vllm ready in 141.11 s; warm-up 60 s
[EXPERIMENT_RUNNER]:  [93m... Starting measurement ...[0m
[EXPERIMENT_RUNNER]:  [93mCalling interaction config hook[0m
[ww 15:36:07] measured phase: 120 units at concurrency 8
[EXPERIMENT_RUNNER]:  [92m... Run completed ...[0m
[EXPERIMENT_RUNNER]:  [93m... Stopping measurement ...[0m
[EXPERIMENT_RUNNER]:  [93mCalling stop_run config hook[0m
[EXPERIMENT_RUNNER]:  [93mCalling populate_run_data config hook[0m
[ww 15:45:10] result: valid=1  E_tok=0.835081 J/tok window=236.325 s
[EXPERIMENT_RUNNER]:  [93mCSVManager: Updated row run_8_repetition_3[0m
[EXPERIMENT_RUNNER]:  [93mCalling before_run config hook[0m

-----------------NEW RUN [101 / 260]-----------------

[EXPERIMENT_RUNNER]:  [93mCalling start_run config hook[0m
[ww 15:45:11] run run_24_repetition_3: {'model': 'qwen', 'engine': 'sglang', 'profile': 'agentic', 'context': 'small'}
[ww 15:47:55] sglang ready in 159.11 s; warm-up 60 s
[EXPERIMENT_RUNNER]:  [93m... Starting measurement ...[0m
[EXPERIMENT_RUNNER]:  [93mCalling interaction config hook[0m
[ww 15:49:06] measured phase: 208 units at concurrency 8
[EXPERIMENT_RUNNER]:  [92m... Run completed ...[0m
[EXPERIMENT_RUNNER]:  [93m... Stopping measurement ...[0m
[EXPERIMENT_RUNNER]:  [93mCalling stop_run config hook[0m
[EXPERIMENT_RUNNER]:  [93mCalling populate_run_data config hook[0m
[ww 15:57:49] result: valid=1  E_tok=0.278567 J/tok window=212.193 s
[EXPERIMENT_RUNNER]:  [93mCSVManager: Updated row run_24_repetition_3[0m
[EXPERIMENT_RUNNER]:  [93mCalling before_run config hook[0m

-----------------NEW RUN [102 / 260]-----------------

[EXPERIMENT_RUNNER]:  [93mCalling start_run config hook[0m
[ww 15:57:49] run run_20_repetition_3: {'model': 'qwen', 'engine': 'vllm', 'profile': 'agentic', 'context': 'small'}
[ww 16:00:00] vllm ready in 125.11 s; warm-up 60 s
[EXPERIMENT_RUNNER]:  [93m... Starting measurement ...[0m
[EXPERIMENT_RUNNER]:  [93mCalling interaction config hook[0m
[ww 16:01:11] measured phase: 208 units at concurrency 8
[EXPERIMENT_RUNNER]:  [92m... Run completed ...[0m
[EXPERIMENT_RUNNER]:  [93m... Stopping measurement ...[0m
[EXPERIMENT_RUNNER]:  [93mCalling stop_run config hook[0m
[EXPERIMENT_RUNNER]:  [93mCalling populate_run_data config hook[0m
[ww 16:09:54] result: valid=1  E_tok=0.265777 J/tok window=213.409 s
[EXPERIMENT_RUNNER]:  [93mCSVManager: Updated row run_20_repetition_3[0m
[EXPERIMENT_RUNNER]:  [93mCalling before_run config hook[0m

-----------------NEW RUN [103 / 260]-----------------

[EXPERIMENT_RUNNER]:  [93mCalling start_run config hook[0m
[ww 16:09:54] run run_15_repetition_3: {'model': 'llama', 'engine': 'sglang', 'profile': 'agentic', 'context': 'small'}
[ww 16:13:02] sglang ready in 183.13 s; warm-up 60 s
[EXPERIMENT_RUNNER]:  [93m... Starting measurement ...[0m
[EXPERIMENT_RUNNER]:  [93mCalling interaction config hook[0m
[ww 16:14:19] measured phase: 192 units at concurrency 8
[EXPERIMENT_RUNNER]:  [92m... Run completed ...[0m
[EXPERIMENT_RUNNER]:  [93m... Stopping measurement ...[0m
[EXPERIMENT_RUNNER]:  [93mCalling stop_run config hook[0m
[EXPERIMENT_RUNNER]:  [93mCalling populate_run_data config hook[0m
[ww 16:23:03] result: valid=1  E_tok=0.276133 J/tok window=211.492 s
[EXPERIMENT_RUNNER]:  [93mCSVManager: Updated row run_15_repetition_3[0m
[EXPERIMENT_RUNNER]:  [93mCalling before_run config hook[0m

-----------------NEW RUN [104 / 260]-----------------

[EXPERIMENT_RUNNER]:  [93mCalling start_run config hook[0m
[ww 16:23:03] run run_7_repetition_3: {'model': 'llama', 'engine': 'vllm', 'profile': 'agentic', 'context': 'medium'}
[ww 16:24:56] vllm ready in 108.07 s; warm-up 60 s
[EXPERIMENT_RUNNER]:  [93m... Starting measurement ...[0m
[EXPERIMENT_RUNNER]:  [93mCalling interaction config hook[0m
[ww 16:26:10] measured phase: 176 units at concurrency 8
[EXPERIMENT_RUNNER]:  [92m... Run completed ...[0m
[EXPERIMENT_RUNNER]:  [93m... Stopping measurement ...[0m
[EXPERIMENT_RUNNER]:  [93mCalling stop_run config hook[0m
[EXPERIMENT_RUNNER]:  [93mCalling populate_run_data config hook[0m
[ww 16:34:49] result: valid=1  E_tok=0.387841 J/tok window=208.908 s
[EXPERIMENT_RUNNER]:  [93mCSVManager: Updated row run_7_repetition_3[0m
[EXPERIMENT_RUNNER]:  [93mCalling before_run config hook[0m

-----------------NEW RUN [105 / 260]-----------------

[EXPERIMENT_RUNNER]:  [93mCalling start_run config hook[0m
[ww 16:34:49] run run_4_repetition_4: {'model': 'llama', 'engine': 'vllm', 'profile': 'chat', 'context': 'medium'}
[ww 16:36:48] vllm ready in 114.1 s; warm-up 60 s
[EXPERIMENT_RUNNER]:  [93m... Starting measurement ...[0m
[EXPERIMENT_RUNNER]:  [93mCalling interaction config hook[0m
[ww 16:38:18] measured phase: 40 units at concurrency 8
[EXPERIMENT_RUNNER]:  [92m... Run completed ...[0m
[EXPERIMENT_RUNNER]:  [93m... Stopping measurement ...[0m
[EXPERIMENT_RUNNER]:  [93mCalling stop_run config hook[0m
[EXPERIMENT_RUNNER]:  [93mCalling populate_run_data config hook[0m
[ww 16:46:56] result: valid=1  E_tok=0.421511 J/tok window=209.188 s
[EXPERIMENT_RUNNER]:  [93mCSVManager: Updated row run_4_repetition_4[0m
[EXPERIMENT_RUNNER]:  [93mCalling before_run config hook[0m

-----------------NEW RUN [106 / 260]-----------------

[EXPERIMENT_RUNNER]:  [93mCalling start_run config hook[0m
[ww 16:46:56] run run_9_repetition_4: {'model': 'llama', 'engine': 'sglang', 'profile': 'api', 'context': 'small'}
[ww 16:49:55] sglang ready in 174.12 s; warm-up 60 s
[EXPERIMENT_RUNNER]:  [93m... Starting measurement ...[0m
[EXPERIMENT_RUNNER]:  [93mCalling interaction config hook[0m
[ww 16:51:08] measured phase: 184 units at concurrency 8
[EXPERIMENT_RUNNER]:  [92m... Run completed ...[0m
[EXPERIMENT_RUNNER]:  [93m... Stopping measurement ...[0m
[EXPERIMENT_RUNNER]:  [93mCalling stop_run config hook[0m
[EXPERIMENT_RUNNER]:  [93mCalling populate_run_data config hook[0m
[ww 17:00:01] result: valid=1  E_tok=0.3294 J/tok window=219.878 s
[EXPERIMENT_RUNNER]:  [93mCSVManager: Updated row run_9_repetition_4[0m
[EXPERIMENT_RUNNER]:  [93mCalling before_run config hook[0m

-----------------NEW RUN [107 / 260]-----------------

[EXPERIMENT_RUNNER]:  [93mCalling start_run config hook[0m
[ww 17:00:01] run run_6_repetition_4: {'model': 'llama', 'engine': 'vllm', 'profile': 'agentic', 'context': 'small'}
[ww 17:02:29] vllm ready in 142.1 s; warm-up 60 s
[EXPERIMENT_RUNNER]:  [93m... Starting measurement ...[0m
[EXPERIMENT_RUNNER]:  [93mCalling interaction config hook[0m
[ww 17:03:45] measured phase: 192 units at concurrency 8
[EXPERIMENT_RUNNER]:  [92m... Run completed ...[0m
[EXPERIMENT_RUNNER]:  [93m... Stopping measurement ...[0m
[EXPERIMENT_RUNNER]:  [93mCalling stop_run config hook[0m
[EXPERIMENT_RUNNER]:  [93mCalling populate_run_data config hook[0m
[ww 17:12:29] result: valid=1  E_tok=0.297694 J/tok window=213.263 s
[EXPERIMENT_RUNNER]:  [93mCSVManager: Updated row run_6_repetition_4[0m
[EXPERIMENT_RUNNER]:  [93mCalling before_run config hook[0m

-----------------NEW RUN [108 / 260]-----------------

[EXPERIMENT_RUNNER]:  [93mCalling start_run config hook[0m
[ww 17:12:29] run run_8_repetition_4: {'model': 'llama', 'engine': 'vllm', 'profile': 'agentic', 'context': 'large'}
[ww 17:14:49] vllm ready in 135.11 s; warm-up 60 s
[EXPERIMENT_RUNNER]:  [93m... Starting measurement ...[0m
[EXPERIMENT_RUNNER]:  [93mCalling interaction config hook[0m
[ww 17:15:59] measured phase: 120 units at concurrency 8
[EXPERIMENT_RUNNER]:  [92m... Run completed ...[0m
[EXPERIMENT_RUNNER]:  [93m... Stopping measurement ...[0m
[EXPERIMENT_RUNNER]:  [93mCalling stop_run config hook[0m
[EXPERIMENT_RUNNER]:  [93mCalling populate_run_data config hook[0m
[ww 17:25:03] result: valid=1  E_tok=0.747083 J/tok window=237.659 s
[EXPERIMENT_RUNNER]:  [93mCSVManager: Updated row run_8_repetition_4[0m
[EXPERIMENT_RUNNER]:  [93mCalling before_run config hook[0m

-----------------NEW RUN [109 / 260]-----------------

[EXPERIMENT_RUNNER]:  [93mCalling start_run config hook[0m
[ww 17:25:03] run run_20_repetition_4: {'model': 'qwen', 'engine': 'vllm', 'profile': 'agentic', 'context': 'small'}
[ww 17:27:08] vllm ready in 120.09 s; warm-up 60 s
[EXPERIMENT_RUNNER]:  [93m... Starting measurement ...[0m
[EXPERIMENT_RUNNER]:  [93mCalling interaction config hook[0m
[ww 17:28:19] measured phase: 208 units at concurrency 8
[EXPERIMENT_RUNNER]:  [92m... Run completed ...[0m
[EXPERIMENT_RUNNER]:  [93m... Stopping measurement ...[0m
[EXPERIMENT_RUNNER]:  [93mCalling stop_run config hook[0m
[EXPERIMENT_RUNNER]:  [93mCalling populate_run_data config hook[0m
[ww 17:36:58] result: valid=1  E_tok=0.274824 J/tok window=212.44 s
[EXPERIMENT_RUNNER]:  [93mCSVManager: Updated row run_20_repetition_4[0m
[EXPERIMENT_RUNNER]:  [93mCalling before_run config hook[0m

-----------------NEW RUN [110 / 260]-----------------

[EXPERIMENT_RUNNER]:  [93mCalling start_run config hook[0m
[ww 17:36:58] run run_15_repetition_4: {'model': 'llama', 'engine': 'sglang', 'profile': 'agentic', 'context': 'small'}
[ww 17:39:39] sglang ready in 156.12 s; warm-up 60 s
[EXPERIMENT_RUNNER]:  [93m... Starting measurement ...[0m
[EXPERIMENT_RUNNER]:  [93mCalling interaction config hook[0m
[ww 17:40:47] measured phase: 192 units at concurrency 8
[EXPERIMENT_RUNNER]:  [92m... Run completed ...[0m
[EXPERIMENT_RUNNER]:  [93m... Stopping measurement ...[0m
[EXPERIMENT_RUNNER]:  [93mCalling stop_run config hook[0m
[EXPERIMENT_RUNNER]:  [93mCalling populate_run_data config hook[0m
[ww 17:49:31] result: valid=1  E_tok=0.314349 J/tok window=211.786 s
[EXPERIMENT_RUNNER]:  [93mCSVManager: Updated row run_15_repetition_4[0m
[EXPERIMENT_RUNNER]:  [93mCalling before_run config hook[0m

-----------------NEW RUN [111 / 260]-----------------

[EXPERIMENT_RUNNER]:  [93mCalling start_run config hook[0m
[ww 17:49:31] run run_24_repetition_4: {'model': 'qwen', 'engine': 'sglang', 'profile': 'agentic', 'context': 'small'}
[ww 17:52:23] sglang ready in 167.11 s; warm-up 60 s
[EXPERIMENT_RUNNER]:  [93m... Starting measurement ...[0m
[EXPERIMENT_RUNNER]:  [93mCalling interaction config hook[0m
[ww 17:53:34] measured phase: 208 units at concurrency 8
[EXPERIMENT_RUNNER]:  [92m... Run completed ...[0m
[EXPERIMENT_RUNNER]:  [93m... Stopping measurement ...[0m
[EXPERIMENT_RUNNER]:  [93mCalling stop_run config hook[0m
[EXPERIMENT_RUNNER]:  [93mCalling populate_run_data config hook[0m
[ww 18:02:18] result: valid=1  E_tok=0.291976 J/tok window=211.563 s
[EXPERIMENT_RUNNER]:  [93mCSVManager: Updated row run_24_repetition_4[0m
[EXPERIMENT_RUNNER]:  [93mCalling before_run config hook[0m

-----------------NEW RUN [112 / 260]-----------------

[EXPERIMENT_RUNNER]:  [93mCalling start_run config hook[0m
[ww 18:02:18] run run_0_repetition_4: {'model': 'llama', 'engine': 'vllm', 'profile': 'api', 'context': 'small'}
[ww 18:04:38] vllm ready in 135.1 s; warm-up 60 s
[EXPERIMENT_RUNNER]:  [93m... Starting measurement ...[0m
[EXPERIMENT_RUNNER]:  [93mCalling interaction config hook[0m
[ww 18:05:50] measured phase: 184 units at concurrency 8
[EXPERIMENT_RUNNER]:  [92m... Run completed ...[0m
[EXPERIMENT_RUNNER]:  [93m... Stopping measurement ...[0m
[EXPERIMENT_RUNNER]:  [93mCalling stop_run config hook[0m
[EXPERIMENT_RUNNER]:  [93mCalling populate_run_data config hook[0m
[ww 18:14:39] result: valid=1  E_tok=0.332511 J/tok window=218.205 s
[EXPERIMENT_RUNNER]:  [93mCSVManager: Updated row run_0_repetition_4[0m
[EXPERIMENT_RUNNER]:  [93mCalling before_run config hook[0m

-----------------NEW RUN [113 / 260]-----------------

[EXPERIMENT_RUNNER]:  [93mCalling start_run config hook[0m
[ww 18:14:39] run run_22_repetition_4: {'model': 'qwen', 'engine': 'sglang', 'profile': 'api', 'context': 'small'}
[ww 18:17:26] sglang ready in 162.13 s; warm-up 60 s
[EXPERIMENT_RUNNER]:  [93m... Starting measurement ...[0m
[EXPERIMENT_RUNNER]:  [93mCalling interaction config hook[0m
[ww 18:18:42] measured phase: 192 units at concurrency 8
[EXPERIMENT_RUNNER]:  [92m... Run completed ...[0m
[EXPERIMENT_RUNNER]:  [93m... Stopping measurement ...[0m
[EXPERIMENT_RUNNER]:  [93mCalling stop_run config hook[0m
[EXPERIMENT_RUNNER]:  [93mCalling populate_run_data config hook[0m
[ww 18:27:25] result: valid=1  E_tok=0.314877 J/tok window=211.462 s
[EXPERIMENT_RUNNER]:  [93mCSVManager: Updated row run_22_repetition_4[0m
[EXPERIMENT_RUNNER]:  [93mCalling before_run config hook[0m

-----------------NEW RUN [114 / 260]-----------------

[EXPERIMENT_RUNNER]:  [93mCalling start_run config hook[0m
[ww 18:27:25] run run_1_repetition_4: {'model': 'llama', 'engine': 'vllm', 'profile': 'api', 'context': 'medium'}
[ww 18:29:38] vllm ready in 128.09 s; warm-up 60 s
[EXPERIMENT_RUNNER]:  [93m... Starting measurement ...[0m
[EXPERIMENT_RUNNER]:  [93mCalling interaction config hook[0m
[ww 18:30:49] measured phase: 136 units at concurrency 8
[EXPERIMENT_RUNNER]:  [92m... Run completed ...[0m
[EXPERIMENT_RUNNER]:  [93m... Stopping measurement ...[0m
[EXPERIMENT_RUNNER]:  [93mCalling stop_run config hook[0m
[EXPERIMENT_RUNNER]:  [93mCalling populate_run_data config hook[0m
[ww 18:39:43] result: valid=1  E_tok=0.58376 J/tok window=222.845 s
[EXPERIMENT_RUNNER]:  [93mCSVManager: Updated row run_1_repetition_4[0m
[EXPERIMENT_RUNNER]:  [93mCalling before_run config hook[0m

-----------------NEW RUN [115 / 260]-----------------

[EXPERIMENT_RUNNER]:  [93mCalling start_run config hook[0m
[ww 18:39:43] run run_2_repetition_4: {'model': 'llama', 'engine': 'vllm', 'profile': 'api', 'context': 'large'}
[ww 18:42:03] vllm ready in 135.11 s; warm-up 60 s
[EXPERIMENT_RUNNER]:  [93m... Starting measurement ...[0m
[EXPERIMENT_RUNNER]:  [93mCalling interaction config hook[0m
[ww 18:43:23] measured phase: 64 units at concurrency 8
[EXPERIMENT_RUNNER]:  [92m... Run completed ...[0m
[EXPERIMENT_RUNNER]:  [93m... Stopping measurement ...[0m
[EXPERIMENT_RUNNER]:  [93mCalling stop_run config hook[0m
[EXPERIMENT_RUNNER]:  [93mCalling populate_run_data config hook[0m
[ww 18:52:32] result: valid=1  E_tok=1.842133 J/tok window=237.287 s
[EXPERIMENT_RUNNER]:  [93mCSVManager: Updated row run_2_repetition_4[0m
[EXPERIMENT_RUNNER]:  [93mCalling before_run config hook[0m

-----------------NEW RUN [116 / 260]-----------------

[EXPERIMENT_RUNNER]:  [93mCalling start_run config hook[0m
[ww 18:52:32] run run_14_repetition_4: {'model': 'llama', 'engine': 'sglang', 'profile': 'chat', 'context': 'large'}
[ww 18:55:30] sglang ready in 173.15 s; warm-up 60 s
[EXPERIMENT_RUNNER]:  [93m... Starting measurement ...[0m
[EXPERIMENT_RUNNER]:  [93mCalling interaction config hook[0m
[ww 18:56:43] measured phase: 32 units at concurrency 8
[EXPERIMENT_RUNNER]:  [92m... Run completed ...[0m
[EXPERIMENT_RUNNER]:  [93m... Stopping measurement ...[0m
[EXPERIMENT_RUNNER]:  [93mCalling stop_run config hook[0m
[EXPERIMENT_RUNNER]:  [93mCalling populate_run_data config hook[0m
[ww 19:06:22] result: valid=1  E_tok=0.767479 J/tok window=267.403 s
[EXPERIMENT_RUNNER]:  [93mCSVManager: Updated row run_14_repetition_4[0m
[EXPERIMENT_RUNNER]:  [93mCalling before_run config hook[0m

-----------------NEW RUN [117 / 260]-----------------

[EXPERIMENT_RUNNER]:  [93mCalling start_run config hook[0m
[ww 19:06:22] run run_16_repetition_4: {'model': 'llama', 'engine': 'sglang', 'profile': 'agentic', 'context': 'medium'}
[ww 19:09:04] sglang ready in 157.12 s; warm-up 60 s
[EXPERIMENT_RUNNER]:  [93m... Starting measurement ...[0m
[EXPERIMENT_RUNNER]:  [93mCalling interaction config hook[0m
[ww 19:10:20] measured phase: 176 units at concurrency 8
[EXPERIMENT_RUNNER]:  [92m... Run completed ...[0m
[EXPERIMENT_RUNNER]:  [93m... Stopping measurement ...[0m
[EXPERIMENT_RUNNER]:  [93mCalling stop_run config hook[0m
[EXPERIMENT_RUNNER]:  [93mCalling populate_run_data config hook[0m
[ww 19:19:09] result: valid=1  E_tok=0.388236 J/tok window=216.102 s
[EXPERIMENT_RUNNER]:  [93mCSVManager: Updated row run_16_repetition_4[0m
[EXPERIMENT_RUNNER]:  [93mCalling before_run config hook[0m

-----------------NEW RUN [118 / 260]-----------------

[EXPERIMENT_RUNNER]:  [93mCalling start_run config hook[0m
[ww 19:19:09] run run_11_repetition_4: {'model': 'llama', 'engine': 'sglang', 'profile': 'api', 'context': 'large'}
[ww 19:22:05] sglang ready in 171.12 s; warm-up 60 s
[EXPERIMENT_RUNNER]:  [93m... Starting measurement ...[0m
[EXPERIMENT_RUNNER]:  [93mCalling interaction config hook[0m
[ww 19:23:32] measured phase: 64 units at concurrency 8
[EXPERIMENT_RUNNER]:  [92m... Run completed ...[0m
[EXPERIMENT_RUNNER]:  [93m... Stopping measurement ...[0m
[EXPERIMENT_RUNNER]:  [93mCalling stop_run config hook[0m
[EXPERIMENT_RUNNER]:  [93mCalling populate_run_data config hook[0m
[ww 19:32:20] result: valid=1  E_tok=1.658273 J/tok window=213.804 s
[EXPERIMENT_RUNNER]:  [93mCSVManager: Updated row run_11_repetition_4[0m
[EXPERIMENT_RUNNER]:  [93mCalling before_run config hook[0m

-----------------NEW RUN [119 / 260]-----------------

[EXPERIMENT_RUNNER]:  [93mCalling start_run config hook[0m
[ww 19:32:20] run run_19_repetition_4: {'model': 'qwen', 'engine': 'vllm', 'profile': 'api', 'context': 'large'}
[ww 19:34:34] vllm ready in 129.11 s; warm-up 60 s
[EXPERIMENT_RUNNER]:  [93m... Starting measurement ...[0m
[EXPERIMENT_RUNNER]:  [93mCalling interaction config hook[0m
[ww 19:35:51] measured phase: 80 units at concurrency 8
[EXPERIMENT_RUNNER]:  [92m... Run completed ...[0m
[EXPERIMENT_RUNNER]:  [93m... Stopping measurement ...[0m
[EXPERIMENT_RUNNER]:  [93mCalling stop_run config hook[0m
[EXPERIMENT_RUNNER]:  [93mCalling populate_run_data config hook[0m
[ww 19:44:59] result: valid=1  E_tok=1.696524 J/tok window=238.486 s
[EXPERIMENT_RUNNER]:  [93mCSVManager: Updated row run_19_repetition_4[0m
[EXPERIMENT_RUNNER]:  [93mCalling before_run config hook[0m

-----------------NEW RUN [120 / 260]-----------------

[EXPERIMENT_RUNNER]:  [93mCalling start_run config hook[0m
[ww 19:44:59] run run_3_repetition_4: {'model': 'llama', 'engine': 'vllm', 'profile': 'chat', 'context': 'small'}
[ww 19:47:24] vllm ready in 139.08 s; warm-up 60 s
[EXPERIMENT_RUNNER]:  [93m... Starting measurement ...[0m
[EXPERIMENT_RUNNER]:  [93mCalling interaction config hook[0m
[ww 19:48:41] measured phase: 48 units at concurrency 8
[EXPERIMENT_RUNNER]:  [92m... Run completed ...[0m
[EXPERIMENT_RUNNER]:  [93m... Stopping measurement ...[0m
[EXPERIMENT_RUNNER]:  [93mCalling stop_run config hook[0m
[EXPERIMENT_RUNNER]:  [93mCalling populate_run_data config hook[0m
[ww 19:57:25] result: valid=1  E_tok=0.3292 J/tok window=214.058 s
[EXPERIMENT_RUNNER]:  [93mCSVManager: Updated row run_3_repetition_4[0m
[EXPERIMENT_RUNNER]:  [93mCalling before_run config hook[0m

-----------------NEW RUN [121 / 260]-----------------

[EXPERIMENT_RUNNER]:  [93mCalling start_run config hook[0m
[ww 19:57:25] run run_5_repetition_4: {'model': 'llama', 'engine': 'vllm', 'profile': 'chat', 'context': 'large'}
[ww 19:59:49] vllm ready in 139.08 s; warm-up 60 s
[EXPERIMENT_RUNNER]:  [93m... Starting measurement ...[0m
[EXPERIMENT_RUNNER]:  [93mCalling interaction config hook[0m
[ww 20:01:05] measured phase: 32 units at concurrency 8
[EXPERIMENT_RUNNER]:  [92m... Run completed ...[0m
[EXPERIMENT_RUNNER]:  [93m... Stopping measurement ...[0m
[EXPERIMENT_RUNNER]:  [93mCalling stop_run config hook[0m
[EXPERIMENT_RUNNER]:  [93mCalling populate_run_data config hook[0m
[ww 20:10:49] result: valid=1  E_tok=0.851129 J/tok window=278.065 s
[EXPERIMENT_RUNNER]:  [93mCSVManager: Updated row run_5_repetition_4[0m
[EXPERIMENT_RUNNER]:  [93mCalling before_run config hook[0m

-----------------NEW RUN [122 / 260]-----------------

[EXPERIMENT_RUNNER]:  [93mCalling start_run config hook[0m
[ww 20:10:49] run run_21_repetition_4: {'model': 'qwen', 'engine': 'vllm', 'profile': 'agentic', 'context': 'large'}
[ww 20:12:53] vllm ready in 118.09 s; warm-up 60 s
[EXPERIMENT_RUNNER]:  [93m... Starting measurement ...[0m
[EXPERIMENT_RUNNER]:  [93mCalling interaction config hook[0m
[ww 20:14:02] measured phase: 144 units at concurrency 8
[EXPERIMENT_RUNNER]:  [92m... Run completed ...[0m
[EXPERIMENT_RUNNER]:  [93m... Stopping measurement ...[0m
[EXPERIMENT_RUNNER]:  [93mCalling stop_run config hook[0m
[EXPERIMENT_RUNNER]:  [93mCalling populate_run_data config hook[0m
[ww 20:22:55] result: valid=1  E_tok=0.67654 J/tok window=225.301 s
[EXPERIMENT_RUNNER]:  [93mCSVManager: Updated row run_21_repetition_4[0m
[EXPERIMENT_RUNNER]:  [93mCalling before_run config hook[0m

-----------------NEW RUN [123 / 260]-----------------

[EXPERIMENT_RUNNER]:  [93mCalling start_run config hook[0m
[ww 20:22:55] run run_25_repetition_4: {'model': 'qwen', 'engine': 'sglang', 'profile': 'agentic', 'context': 'large'}
[ww 20:25:27] sglang ready in 147.11 s; warm-up 60 s
[EXPERIMENT_RUNNER]:  [93m... Starting measurement ...[0m
[EXPERIMENT_RUNNER]:  [93mCalling interaction config hook[0m
[ww 20:26:36] measured phase: 144 units at concurrency 8
[EXPERIMENT_RUNNER]:  [92m... Run completed ...[0m
[EXPERIMENT_RUNNER]:  [93m... Stopping measurement ...[0m
[EXPERIMENT_RUNNER]:  [93mCalling stop_run config hook[0m
[EXPERIMENT_RUNNER]:  [93mCalling populate_run_data config hook[0m
[ww 20:35:29] result: valid=1  E_tok=0.599778 J/tok window=218.006 s
[EXPERIMENT_RUNNER]:  [93mCSVManager: Updated row run_25_repetition_4[0m
[EXPERIMENT_RUNNER]:  [93mCalling before_run config hook[0m

-----------------NEW RUN [124 / 260]-----------------

[EXPERIMENT_RUNNER]:  [93mCalling start_run config hook[0m
[ww 20:35:29] run run_7_repetition_4: {'model': 'llama', 'engine': 'vllm', 'profile': 'agentic', 'context': 'medium'}
[ww 20:37:58] vllm ready in 144.09 s; warm-up 60 s
[EXPERIMENT_RUNNER]:  [93m... Starting measurement ...[0m
[EXPERIMENT_RUNNER]:  [93mCalling interaction config hook[0m
[ww 20:39:13] measured phase: 176 units at concurrency 8
[EXPERIMENT_RUNNER]:  [92m... Run completed ...[0m
[EXPERIMENT_RUNNER]:  [93m... Stopping measurement ...[0m
[EXPERIMENT_RUNNER]:  [93mCalling stop_run config hook[0m
[EXPERIMENT_RUNNER]:  [93mCalling populate_run_data config hook[0m
[ww 20:47:56] result: valid=1  E_tok=0.399588 J/tok window=216.373 s
[EXPERIMENT_RUNNER]:  [93mCSVManager: Updated row run_7_repetition_4[0m
[EXPERIMENT_RUNNER]:  [93mCalling before_run config hook[0m

-----------------NEW RUN [125 / 260]-----------------

[EXPERIMENT_RUNNER]:  [93mCalling start_run config hook[0m
[ww 20:47:56] run run_18_repetition_4: {'model': 'qwen', 'engine': 'vllm', 'profile': 'api', 'context': 'small'}
[ww 20:50:07] vllm ready in 126.12 s; warm-up 60 s
[EXPERIMENT_RUNNER]:  [93m... Starting measurement ...[0m
[EXPERIMENT_RUNNER]:  [93mCalling interaction config hook[0m
[ww 20:51:23] measured phase: 192 units at concurrency 8
[EXPERIMENT_RUNNER]:  [92m... Run completed ...[0m
[EXPERIMENT_RUNNER]:  [93m... Stopping measurement ...[0m
[EXPERIMENT_RUNNER]:  [93mCalling stop_run config hook[0m
[EXPERIMENT_RUNNER]:  [93mCalling populate_run_data config hook[0m
[ww 20:59:56] result: valid=1  E_tok=0.311786 J/tok window=205.958 s
[EXPERIMENT_RUNNER]:  [93mCSVManager: Updated row run_18_repetition_4[0m
[EXPERIMENT_RUNNER]:  [93mCalling before_run config hook[0m

-----------------NEW RUN [126 / 260]-----------------

[EXPERIMENT_RUNNER]:  [93mCalling start_run config hook[0m
[ww 20:59:56] run run_17_repetition_4: {'model': 'llama', 'engine': 'sglang', 'profile': 'agentic', 'context': 'large'}
[ww 21:02:58] sglang ready in 177.14 s; warm-up 60 s
[EXPERIMENT_RUNNER]:  [93m... Starting measurement ...[0m
[EXPERIMENT_RUNNER]:  [93mCalling interaction config hook[0m
[ww 21:04:17] measured phase: 120 units at concurrency 8
[EXPERIMENT_RUNNER]:  [92m... Run completed ...[0m
[EXPERIMENT_RUNNER]:  [93m... Stopping measurement ...[0m
[EXPERIMENT_RUNNER]:  [93mCalling stop_run config hook[0m
[EXPERIMENT_RUNNER]:  [93mCalling populate_run_data config hook[0m
[ww 21:13:01] result: valid=1  E_tok=0.656856 J/tok window=214.608 s
[EXPERIMENT_RUNNER]:  [93mCSVManager: Updated row run_17_repetition_4[0m
[EXPERIMENT_RUNNER]:  [93mCalling before_run config hook[0m

-----------------NEW RUN [127 / 260]-----------------

[EXPERIMENT_RUNNER]:  [93mCalling start_run config hook[0m
[ww 21:13:01] run run_23_repetition_4: {'model': 'qwen', 'engine': 'sglang', 'profile': 'api', 'context': 'large'}
[ww 21:15:47] sglang ready in 161.11 s; warm-up 60 s
[EXPERIMENT_RUNNER]:  [93m... Starting measurement ...[0m
[EXPERIMENT_RUNNER]:  [93mCalling interaction config hook[0m
[ww 21:17:01] measured phase: 80 units at concurrency 8
[EXPERIMENT_RUNNER]:  [92m... Run completed ...[0m
[EXPERIMENT_RUNNER]:  [93m... Stopping measurement ...[0m
[EXPERIMENT_RUNNER]:  [93mCalling stop_run config hook[0m
[EXPERIMENT_RUNNER]:  [93mCalling populate_run_data config hook[0m
[ww 21:26:03] result: valid=1  E_tok=1.349921 J/tok window=228.599 s
[EXPERIMENT_RUNNER]:  [93mCSVManager: Updated row run_23_repetition_4[0m
[EXPERIMENT_RUNNER]:  [93mCalling before_run config hook[0m

-----------------NEW RUN [128 / 260]-----------------

[EXPERIMENT_RUNNER]:  [93mCalling start_run config hook[0m
[ww 21:26:03] run run_12_repetition_4: {'model': 'llama', 'engine': 'sglang', 'profile': 'chat', 'context': 'small'}
[ww 21:29:15] sglang ready in 186.14 s; warm-up 60 s
[EXPERIMENT_RUNNER]:  [93m... Starting measurement ...[0m
[EXPERIMENT_RUNNER]:  [93mCalling interaction config hook[0m
[ww 21:30:33] measured phase: 48 units at concurrency 8
[EXPERIMENT_RUNNER]:  [92m... Run completed ...[0m
[EXPERIMENT_RUNNER]:  [93m... Stopping measurement ...[0m
[EXPERIMENT_RUNNER]:  [93mCalling stop_run config hook[0m
[EXPERIMENT_RUNNER]:  [93mCalling populate_run_data config hook[0m
[ww 21:39:22] result: valid=1  E_tok=0.328298 J/tok window=220.272 s
[EXPERIMENT_RUNNER]:  [93mCSVManager: Updated row run_12_repetition_4[0m
[EXPERIMENT_RUNNER]:  [93mCalling before_run config hook[0m

-----------------NEW RUN [129 / 260]-----------------

[EXPERIMENT_RUNNER]:  [93mCalling start_run config hook[0m
[ww 21:39:22] run run_10_repetition_4: {'model': 'llama', 'engine': 'sglang', 'profile': 'api', 'context': 'medium'}
[ww 21:42:05] sglang ready in 158.12 s; warm-up 60 s
[EXPERIMENT_RUNNER]:  [93m... Starting measurement ...[0m
[EXPERIMENT_RUNNER]:  [93mCalling interaction config hook[0m
[ww 21:43:15] measured phase: 136 units at concurrency 8
[EXPERIMENT_RUNNER]:  [92m... Run completed ...[0m
[EXPERIMENT_RUNNER]:  [93m... Stopping measurement ...[0m
[EXPERIMENT_RUNNER]:  [93mCalling stop_run config hook[0m
[EXPERIMENT_RUNNER]:  [93mCalling populate_run_data config hook[0m
[ww 21:52:03] result: valid=1  E_tok=0.536499 J/tok window=214.928 s
[EXPERIMENT_RUNNER]:  [93mCSVManager: Updated row run_10_repetition_4[0m
[EXPERIMENT_RUNNER]:  [93mCalling before_run config hook[0m

-----------------NEW RUN [130 / 260]-----------------

[EXPERIMENT_RUNNER]:  [93mCalling start_run config hook[0m
[ww 21:52:03] run run_13_repetition_4: {'model': 'llama', 'engine': 'sglang', 'profile': 'chat', 'context': 'medium'}
[ww 21:55:07] sglang ready in 179.15 s; warm-up 60 s
[EXPERIMENT_RUNNER]:  [93m... Starting measurement ...[0m
[EXPERIMENT_RUNNER]:  [93mCalling interaction config hook[0m
[ww 21:56:37] measured phase: 40 units at concurrency 8
[EXPERIMENT_RUNNER]:  [92m... Run completed ...[0m
[EXPERIMENT_RUNNER]:  [93m... Stopping measurement ...[0m
[EXPERIMENT_RUNNER]:  [93mCalling stop_run config hook[0m
[EXPERIMENT_RUNNER]:  [93mCalling populate_run_data config hook[0m
[ww 22:05:25] result: valid=1  E_tok=0.368325 J/tok window=212.368 s
[EXPERIMENT_RUNNER]:  [93mCSVManager: Updated row run_13_repetition_4[0m
[EXPERIMENT_RUNNER]:  [93mCalling before_run config hook[0m

-----------------NEW RUN [131 / 260]-----------------

[EXPERIMENT_RUNNER]:  [93mCalling start_run config hook[0m
[ww 22:05:25] run run_18_repetition_5: {'model': 'qwen', 'engine': 'vllm', 'profile': 'api', 'context': 'small'}
[ww 22:07:36] vllm ready in 126.08 s; warm-up 60 s
[EXPERIMENT_RUNNER]:  [93m... Starting measurement ...[0m
[EXPERIMENT_RUNNER]:  [93mCalling interaction config hook[0m
[ww 22:08:52] measured phase: 192 units at concurrency 8
[EXPERIMENT_RUNNER]:  [92m... Run completed ...[0m
[EXPERIMENT_RUNNER]:  [93m... Stopping measurement ...[0m
[EXPERIMENT_RUNNER]:  [93mCalling stop_run config hook[0m
[EXPERIMENT_RUNNER]:  [93mCalling populate_run_data config hook[0m
[ww 22:17:31] result: valid=1  E_tok=0.342047 J/tok window=210.539 s
[EXPERIMENT_RUNNER]:  [93mCSVManager: Updated row run_18_repetition_5[0m
[EXPERIMENT_RUNNER]:  [93mCalling before_run config hook[0m

-----------------NEW RUN [132 / 260]-----------------

[EXPERIMENT_RUNNER]:  [93mCalling start_run config hook[0m
[ww 22:17:31] run run_21_repetition_5: {'model': 'qwen', 'engine': 'vllm', 'profile': 'agentic', 'context': 'large'}
[ww 22:19:44] vllm ready in 128.09 s; warm-up 60 s
[EXPERIMENT_RUNNER]:  [93m... Starting measurement ...[0m
[EXPERIMENT_RUNNER]:  [93mCalling interaction config hook[0m
[ww 22:20:53] measured phase: 144 units at concurrency 8
[EXPERIMENT_RUNNER]:  [92m... Run completed ...[0m
[EXPERIMENT_RUNNER]:  [93m... Stopping measurement ...[0m
[EXPERIMENT_RUNNER]:  [93mCalling stop_run config hook[0m
[EXPERIMENT_RUNNER]:  [93mCalling populate_run_data config hook[0m
[ww 22:29:46] result: valid=1  E_tok=0.666164 J/tok window=223.712 s
[EXPERIMENT_RUNNER]:  [93mCSVManager: Updated row run_21_repetition_5[0m
[EXPERIMENT_RUNNER]:  [93mCalling before_run config hook[0m

-----------------NEW RUN [133 / 260]-----------------

[EXPERIMENT_RUNNER]:  [93mCalling start_run config hook[0m
[ww 22:29:46] run run_1_repetition_5: {'model': 'llama', 'engine': 'vllm', 'profile': 'api', 'context': 'medium'}
[ww 22:32:11] vllm ready in 140.09 s; warm-up 60 s
[EXPERIMENT_RUNNER]:  [93m... Starting measurement ...[0m
[EXPERIMENT_RUNNER]:  [93mCalling interaction config hook[0m
[ww 22:33:22] measured phase: 136 units at concurrency 8
[EXPERIMENT_RUNNER]:  [92m... Run completed ...[0m
[EXPERIMENT_RUNNER]:  [93m... Stopping measurement ...[0m
[EXPERIMENT_RUNNER]:  [93mCalling stop_run config hook[0m
[EXPERIMENT_RUNNER]:  [93mCalling populate_run_data config hook[0m
[ww 22:42:16] result: valid=1  E_tok=0.569514 J/tok window=223.063 s
[EXPERIMENT_RUNNER]:  [93mCSVManager: Updated row run_1_repetition_5[0m
[EXPERIMENT_RUNNER]:  [93mCalling before_run config hook[0m

-----------------NEW RUN [134 / 260]-----------------

[EXPERIMENT_RUNNER]:  [93mCalling start_run config hook[0m
[ww 22:42:16] run run_13_repetition_5: {'model': 'llama', 'engine': 'sglang', 'profile': 'chat', 'context': 'medium'}
[ww 22:45:00] sglang ready in 159.12 s; warm-up 60 s
[EXPERIMENT_RUNNER]:  [93m... Starting measurement ...[0m
[EXPERIMENT_RUNNER]:  [93mCalling interaction config hook[0m
[ww 22:46:30] measured phase: 40 units at concurrency 8
[EXPERIMENT_RUNNER]:  [92m... Run completed ...[0m
[EXPERIMENT_RUNNER]:  [93m... Stopping measurement ...[0m
[EXPERIMENT_RUNNER]:  [93mCalling stop_run config hook[0m
[EXPERIMENT_RUNNER]:  [93mCalling populate_run_data config hook[0m
[ww 22:55:19] result: valid=1  E_tok=0.366382 J/tok window=212.629 s
[EXPERIMENT_RUNNER]:  [93mCSVManager: Updated row run_13_repetition_5[0m
[EXPERIMENT_RUNNER]:  [93mCalling before_run config hook[0m

-----------------NEW RUN [135 / 260]-----------------

[EXPERIMENT_RUNNER]:  [93mCalling start_run config hook[0m
[ww 22:55:19] run run_5_repetition_5: {'model': 'llama', 'engine': 'vllm', 'profile': 'chat', 'context': 'large'}
[ww 22:57:45] vllm ready in 141.08 s; warm-up 60 s
[EXPERIMENT_RUNNER]:  [93m... Starting measurement ...[0m
[EXPERIMENT_RUNNER]:  [93mCalling interaction config hook[0m
[ww 22:59:00] measured phase: 32 units at concurrency 8
[EXPERIMENT_RUNNER]:  [92m... Run completed ...[0m
[EXPERIMENT_RUNNER]:  [93m... Stopping measurement ...[0m
[EXPERIMENT_RUNNER]:  [93mCalling stop_run config hook[0m
[EXPERIMENT_RUNNER]:  [93mCalling populate_run_data config hook[0m
[ww 23:08:45] result: valid=1  E_tok=0.753306 J/tok window=274.212 s
[EXPERIMENT_RUNNER]:  [93mCSVManager: Updated row run_5_repetition_5[0m
[EXPERIMENT_RUNNER]:  [93mCalling before_run config hook[0m

-----------------NEW RUN [136 / 260]-----------------

[EXPERIMENT_RUNNER]:  [93mCalling start_run config hook[0m
[ww 23:08:45] run run_19_repetition_5: {'model': 'qwen', 'engine': 'vllm', 'profile': 'api', 'context': 'large'}
[ww 23:10:57] vllm ready in 126.08 s; warm-up 60 s
[EXPERIMENT_RUNNER]:  [93m... Starting measurement ...[0m
[EXPERIMENT_RUNNER]:  [93mCalling interaction config hook[0m
[ww 23:12:13] measured phase: 80 units at concurrency 8
[EXPERIMENT_RUNNER]:  [92m... Run completed ...[0m
[EXPERIMENT_RUNNER]:  [93m... Stopping measurement ...[0m
[EXPERIMENT_RUNNER]:  [93mCalling stop_run config hook[0m
[EXPERIMENT_RUNNER]:  [93mCalling populate_run_data config hook[0m
[ww 23:21:21] result: valid=1  E_tok=1.698591 J/tok window=237.584 s
[EXPERIMENT_RUNNER]:  [93mCSVManager: Updated row run_19_repetition_5[0m
[EXPERIMENT_RUNNER]:  [93mCalling before_run config hook[0m

-----------------NEW RUN [137 / 260]-----------------

[EXPERIMENT_RUNNER]:  [93mCalling start_run config hook[0m
[ww 23:21:21] run run_8_repetition_5: {'model': 'llama', 'engine': 'vllm', 'profile': 'agentic', 'context': 'large'}
[ww 23:23:29] vllm ready in 123.08 s; warm-up 60 s
[EXPERIMENT_RUNNER]:  [93m... Starting measurement ...[0m
[EXPERIMENT_RUNNER]:  [93mCalling interaction config hook[0m
[ww 23:24:40] measured phase: 120 units at concurrency 8
[EXPERIMENT_RUNNER]:  [92m... Run completed ...[0m
[EXPERIMENT_RUNNER]:  [93m... Stopping measurement ...[0m
[EXPERIMENT_RUNNER]:  [93mCalling stop_run config hook[0m
[EXPERIMENT_RUNNER]:  [93mCalling populate_run_data config hook[0m
[ww 23:33:44] result: valid=1  E_tok=0.776362 J/tok window=236.95 s
[EXPERIMENT_RUNNER]:  [93mCSVManager: Updated row run_8_repetition_5[0m
[EXPERIMENT_RUNNER]:  [93mCalling before_run config hook[0m

-----------------NEW RUN [138 / 260]-----------------

[EXPERIMENT_RUNNER]:  [93mCalling start_run config hook[0m
[ww 23:33:44] run run_2_repetition_5: {'model': 'llama', 'engine': 'vllm', 'profile': 'api', 'context': 'large'}
[ww 23:36:05] vllm ready in 136.08 s; warm-up 60 s
[EXPERIMENT_RUNNER]:  [93m... Starting measurement ...[0m
[EXPERIMENT_RUNNER]:  [93mCalling interaction config hook[0m
[ww 23:37:25] measured phase: 64 units at concurrency 8
[EXPERIMENT_RUNNER]:  [92m... Run completed ...[0m
[EXPERIMENT_RUNNER]:  [93m... Stopping measurement ...[0m
[EXPERIMENT_RUNNER]:  [93mCalling stop_run config hook[0m
[EXPERIMENT_RUNNER]:  [93mCalling populate_run_data config hook[0m
[ww 23:46:29] result: valid=1  E_tok=1.825459 J/tok window=236.82 s
[EXPERIMENT_RUNNER]:  [93mCSVManager: Updated row run_2_repetition_5[0m
[EXPERIMENT_RUNNER]:  [93mCalling before_run config hook[0m

-----------------NEW RUN [139 / 260]-----------------

[EXPERIMENT_RUNNER]:  [93mCalling start_run config hook[0m
[ww 23:46:29] run run_4_repetition_5: {'model': 'llama', 'engine': 'vllm', 'profile': 'chat', 'context': 'medium'}
[ww 23:48:27] vllm ready in 113.1 s; warm-up 60 s
[EXPERIMENT_RUNNER]:  [93m... Starting measurement ...[0m
[EXPERIMENT_RUNNER]:  [93mCalling interaction config hook[0m
[ww 23:49:57] measured phase: 40 units at concurrency 8
[EXPERIMENT_RUNNER]:  [92m... Run completed ...[0m
[EXPERIMENT_RUNNER]:  [93m... Stopping measurement ...[0m
[EXPERIMENT_RUNNER]:  [93mCalling stop_run config hook[0m
[EXPERIMENT_RUNNER]:  [93mCalling populate_run_data config hook[0m
[ww 23:58:41] result: valid=1  E_tok=0.402154 J/tok window=212.904 s
[EXPERIMENT_RUNNER]:  [93mCSVManager: Updated row run_4_repetition_5[0m
[EXPERIMENT_RUNNER]:  [93mCalling before_run config hook[0m

-----------------NEW RUN [140 / 260]-----------------

[EXPERIMENT_RUNNER]:  [93mCalling start_run config hook[0m
[ww 23:58:41] run run_16_repetition_5: {'model': 'llama', 'engine': 'sglang', 'profile': 'agentic', 'context': 'medium'}
[ww 00:01:50] sglang ready in 184.11 s; warm-up 60 s
[EXPERIMENT_RUNNER]:  [93m... Starting measurement ...[0m
[EXPERIMENT_RUNNER]:  [93mCalling interaction config hook[0m
[ww 00:03:06] measured phase: 176 units at concurrency 8
[EXPERIMENT_RUNNER]:  [92m... Run completed ...[0m
[EXPERIMENT_RUNNER]:  [93m... Stopping measurement ...[0m
[EXPERIMENT_RUNNER]:  [93mCalling stop_run config hook[0m
[EXPERIMENT_RUNNER]:  [93mCalling populate_run_data config hook[0m
[ww 00:11:53] result: valid=1  E_tok=0.343993 J/tok window=216.609 s
[EXPERIMENT_RUNNER]:  [93mCSVManager: Updated row run_16_repetition_5[0m
[EXPERIMENT_RUNNER]:  [93mCalling before_run config hook[0m

-----------------NEW RUN [141 / 260]-----------------

[EXPERIMENT_RUNNER]:  [93mCalling start_run config hook[0m
[ww 00:11:53] run run_0_repetition_5: {'model': 'llama', 'engine': 'vllm', 'profile': 'api', 'context': 'small'}
[ww 00:14:16] vllm ready in 137.08 s; warm-up 60 s
[EXPERIMENT_RUNNER]:  [93m... Starting measurement ...[0m
[EXPERIMENT_RUNNER]:  [93mCalling interaction config hook[0m
[ww 00:15:27] measured phase: 184 units at concurrency 8
[EXPERIMENT_RUNNER]:  [92m... Run completed ...[0m
[EXPERIMENT_RUNNER]:  [93m... Stopping measurement ...[0m
[EXPERIMENT_RUNNER]:  [93mCalling stop_run config hook[0m
[EXPERIMENT_RUNNER]:  [93mCalling populate_run_data config hook[0m
[ww 00:24:16] result: valid=1  E_tok=0.357194 J/tok window=218.08 s
[EXPERIMENT_RUNNER]:  [93mCSVManager: Updated row run_0_repetition_5[0m
[EXPERIMENT_RUNNER]:  [93mCalling before_run config hook[0m

-----------------NEW RUN [142 / 260]-----------------

[EXPERIMENT_RUNNER]:  [93mCalling start_run config hook[0m
[ww 00:24:16] run run_7_repetition_5: {'model': 'llama', 'engine': 'vllm', 'profile': 'agentic', 'context': 'medium'}
[ww 00:26:17] vllm ready in 116.09 s; warm-up 60 s
[EXPERIMENT_RUNNER]:  [93m... Starting measurement ...[0m
[EXPERIMENT_RUNNER]:  [93mCalling interaction config hook[0m
[ww 00:27:31] measured phase: 176 units at concurrency 8
[EXPERIMENT_RUNNER]:  [92m... Run completed ...[0m
[EXPERIMENT_RUNNER]:  [93m... Stopping measurement ...[0m
[EXPERIMENT_RUNNER]:  [93mCalling stop_run config hook[0m
[EXPERIMENT_RUNNER]:  [93mCalling populate_run_data config hook[0m
[ww 00:36:15] result: valid=1  E_tok=0.37866 J/tok window=215.451 s
[EXPERIMENT_RUNNER]:  [93mCSVManager: Updated row run_7_repetition_5[0m
[EXPERIMENT_RUNNER]:  [93mCalling before_run config hook[0m

-----------------NEW RUN [143 / 260]-----------------

[EXPERIMENT_RUNNER]:  [93mCalling start_run config hook[0m
[ww 00:36:15] run run_10_repetition_5: {'model': 'llama', 'engine': 'sglang', 'profile': 'api', 'context': 'medium'}
[ww 00:39:14] sglang ready in 174.12 s; warm-up 60 s
[EXPERIMENT_RUNNER]:  [93m... Starting measurement ...[0m
[EXPERIMENT_RUNNER]:  [93mCalling interaction config hook[0m
[ww 00:40:24] measured phase: 136 units at concurrency 8
[EXPERIMENT_RUNNER]:  [92m... Run completed ...[0m
[EXPERIMENT_RUNNER]:  [93m... Stopping measurement ...[0m
[EXPERIMENT_RUNNER]:  [93mCalling stop_run config hook[0m
[EXPERIMENT_RUNNER]:  [93mCalling populate_run_data config hook[0m
[ww 00:49:18] result: valid=1  E_tok=0.554516 J/tok window=219.651 s
[EXPERIMENT_RUNNER]:  [93mCSVManager: Updated row run_10_repetition_5[0m
[EXPERIMENT_RUNNER]:  [93mCalling before_run config hook[0m

-----------------NEW RUN [144 / 260]-----------------

[EXPERIMENT_RUNNER]:  [93mCalling start_run config hook[0m
[ww 00:49:18] run run_25_repetition_5: {'model': 'qwen', 'engine': 'sglang', 'profile': 'agentic', 'context': 'large'}
[ww 00:52:05] sglang ready in 162.12 s; warm-up 60 s
[EXPERIMENT_RUNNER]:  [93m... Starting measurement ...[0m
[EXPERIMENT_RUNNER]:  [93mCalling interaction config hook[0m
[ww 00:53:13] measured phase: 144 units at concurrency 8
[EXPERIMENT_RUNNER]:  [92m... Run completed ...[0m
[EXPERIMENT_RUNNER]:  [93m... Stopping measurement ...[0m
[EXPERIMENT_RUNNER]:  [93mCalling stop_run config hook[0m
[EXPERIMENT_RUNNER]:  [93mCalling populate_run_data config hook[0m
[ww 01:02:06] result: valid=1  E_tok=0.611641 J/tok window=219.006 s
[EXPERIMENT_RUNNER]:  [93mCSVManager: Updated row run_25_repetition_5[0m
[EXPERIMENT_RUNNER]:  [93mCalling before_run config hook[0m

-----------------NEW RUN [145 / 260]-----------------

[EXPERIMENT_RUNNER]:  [93mCalling start_run config hook[0m
[ww 01:02:06] run run_3_repetition_5: {'model': 'llama', 'engine': 'vllm', 'profile': 'chat', 'context': 'small'}
[ww 01:04:08] vllm ready in 116.08 s; warm-up 60 s
[EXPERIMENT_RUNNER]:  [93m... Starting measurement ...[0m
[EXPERIMENT_RUNNER]:  [93mCalling interaction config hook[0m
[ww 01:05:25] measured phase: 48 units at concurrency 8
[EXPERIMENT_RUNNER]:  [92m... Run completed ...[0m
[EXPERIMENT_RUNNER]:  [93m... Stopping measurement ...[0m
[EXPERIMENT_RUNNER]:  [93mCalling stop_run config hook[0m
[EXPERIMENT_RUNNER]:  [93mCalling populate_run_data config hook[0m
[ww 01:14:09] result: valid=1  E_tok=0.294947 J/tok window=217.239 s
[EXPERIMENT_RUNNER]:  [93mCSVManager: Updated row run_3_repetition_5[0m
[EXPERIMENT_RUNNER]:  [93mCalling before_run config hook[0m

-----------------NEW RUN [146 / 260]-----------------

[EXPERIMENT_RUNNER]:  [93mCalling start_run config hook[0m
[ww 01:14:09] run run_15_repetition_5: {'model': 'llama', 'engine': 'sglang', 'profile': 'agentic', 'context': 'small'}
[ww 01:17:16] sglang ready in 182.1 s; warm-up 60 s
[EXPERIMENT_RUNNER]:  [93m... Starting measurement ...[0m
[EXPERIMENT_RUNNER]:  [93mCalling interaction config hook[0m
[ww 01:18:32] measured phase: 192 units at concurrency 8
[EXPERIMENT_RUNNER]:  [92m... Run completed ...[0m
[EXPERIMENT_RUNNER]:  [93m... Stopping measurement ...[0m
[EXPERIMENT_RUNNER]:  [93mCalling stop_run config hook[0m
[EXPERIMENT_RUNNER]:  [93mCalling populate_run_data config hook[0m
[ww 01:27:15] result: valid=1  E_tok=0.308571 J/tok window=211.083 s
[EXPERIMENT_RUNNER]:  [93mCSVManager: Updated row run_15_repetition_5[0m
[EXPERIMENT_RUNNER]:  [93mCalling before_run config hook[0m

-----------------NEW RUN [147 / 260]-----------------

[EXPERIMENT_RUNNER]:  [93mCalling start_run config hook[0m
[ww 01:27:15] run run_6_repetition_5: {'model': 'llama', 'engine': 'vllm', 'profile': 'agentic', 'context': 'small'}
[ww 01:29:43] vllm ready in 143.08 s; warm-up 60 s
[EXPERIMENT_RUNNER]:  [93m... Starting measurement ...[0m
[EXPERIMENT_RUNNER]:  [93mCalling interaction config hook[0m
[ww 01:31:00] measured phase: 192 units at concurrency 8
[EXPERIMENT_RUNNER]:  [92m... Run completed ...[0m
[EXPERIMENT_RUNNER]:  [93m... Stopping measurement ...[0m
[EXPERIMENT_RUNNER]:  [93mCalling stop_run config hook[0m
[EXPERIMENT_RUNNER]:  [93mCalling populate_run_data config hook[0m
[ww 01:39:43] result: valid=1  E_tok=0.28332 J/tok window=212.593 s
[EXPERIMENT_RUNNER]:  [93mCSVManager: Updated row run_6_repetition_5[0m
[EXPERIMENT_RUNNER]:  [93mCalling before_run config hook[0m

-----------------NEW RUN [148 / 260]-----------------

[EXPERIMENT_RUNNER]:  [93mCalling start_run config hook[0m
[ww 01:39:43] run run_12_repetition_5: {'model': 'llama', 'engine': 'sglang', 'profile': 'chat', 'context': 'small'}
[ww 01:42:25] sglang ready in 157.12 s; warm-up 60 s
[EXPERIMENT_RUNNER]:  [93m... Starting measurement ...[0m
[EXPERIMENT_RUNNER]:  [93mCalling interaction config hook[0m
[ww 01:43:44] measured phase: 48 units at concurrency 8
[EXPERIMENT_RUNNER]:  [92m... Run completed ...[0m
[EXPERIMENT_RUNNER]:  [93m... Stopping measurement ...[0m
[EXPERIMENT_RUNNER]:  [93mCalling stop_run config hook[0m
[EXPERIMENT_RUNNER]:  [93mCalling populate_run_data config hook[0m
[ww 01:52:32] result: valid=1  E_tok=0.331483 J/tok window=214.441 s
[EXPERIMENT_RUNNER]:  [93mCSVManager: Updated row run_12_repetition_5[0m
[EXPERIMENT_RUNNER]:  [93mCalling before_run config hook[0m

-----------------NEW RUN [149 / 260]-----------------

[EXPERIMENT_RUNNER]:  [93mCalling start_run config hook[0m
[ww 01:52:32] run run_9_repetition_5: {'model': 'llama', 'engine': 'sglang', 'profile': 'api', 'context': 'small'}
[ww 01:55:13] sglang ready in 156.12 s; warm-up 60 s
[EXPERIMENT_RUNNER]:  [93m... Starting measurement ...[0m
[EXPERIMENT_RUNNER]:  [93mCalling interaction config hook[0m
[ww 01:56:26] measured phase: 184 units at concurrency 8
[EXPERIMENT_RUNNER]:  [92m... Run completed ...[0m
[EXPERIMENT_RUNNER]:  [93m... Stopping measurement ...[0m
[EXPERIMENT_RUNNER]:  [93mCalling stop_run config hook[0m
[EXPERIMENT_RUNNER]:  [93mCalling populate_run_data config hook[0m
[ww 02:05:14] result: valid=1  E_tok=0.322676 J/tok window=216.219 s
[EXPERIMENT_RUNNER]:  [93mCSVManager: Updated row run_9_repetition_5[0m
[EXPERIMENT_RUNNER]:  [93mCalling before_run config hook[0m

-----------------NEW RUN [150 / 260]-----------------

[EXPERIMENT_RUNNER]:  [93mCalling start_run config hook[0m
[ww 02:05:14] run run_11_repetition_5: {'model': 'llama', 'engine': 'sglang', 'profile': 'api', 'context': 'large'}
[ww 02:08:20] sglang ready in 181.12 s; warm-up 60 s
[EXPERIMENT_RUNNER]:  [93m... Starting measurement ...[0m
[EXPERIMENT_RUNNER]:  [93mCalling interaction config hook[0m
[ww 02:09:47] measured phase: 64 units at concurrency 8
[EXPERIMENT_RUNNER]:  [92m... Run completed ...[0m
[EXPERIMENT_RUNNER]:  [93m... Stopping measurement ...[0m
[EXPERIMENT_RUNNER]:  [93mCalling stop_run config hook[0m
[EXPERIMENT_RUNNER]:  [93mCalling populate_run_data config hook[0m
[ww 02:18:36] result: valid=1  E_tok=1.494599 J/tok window=212.696 s
[EXPERIMENT_RUNNER]:  [93mCSVManager: Updated row run_11_repetition_5[0m
[EXPERIMENT_RUNNER]:  [93mCalling before_run config hook[0m

-----------------NEW RUN [151 / 260]-----------------

[EXPERIMENT_RUNNER]:  [93mCalling start_run config hook[0m
[ww 02:18:36] run run_17_repetition_5: {'model': 'llama', 'engine': 'sglang', 'profile': 'agentic', 'context': 'large'}
[ww 02:21:34] sglang ready in 173.11 s; warm-up 60 s
[EXPERIMENT_RUNNER]:  [93m... Starting measurement ...[0m
[EXPERIMENT_RUNNER]:  [93mCalling interaction config hook[0m
[ww 02:22:53] measured phase: 120 units at concurrency 8
[EXPERIMENT_RUNNER]:  [92m... Run completed ...[0m
[EXPERIMENT_RUNNER]:  [93m... Stopping measurement ...[0m
[EXPERIMENT_RUNNER]:  [93mCalling stop_run config hook[0m
[EXPERIMENT_RUNNER]:  [93mCalling populate_run_data config hook[0m
[ww 02:31:31] result: valid=0 contaminated E_tok=0.659926 J/tok window=210.025 s
[EXPERIMENT_RUNNER]:  [93mCSVManager: Updated row run_17_repetition_5[0m
[EXPERIMENT_RUNNER]:  [93mCalling before_run config hook[0m

-----------------NEW RUN [152 / 260]-----------------

[EXPERIMENT_RUNNER]:  [93mCalling start_run config hook[0m
[ww 02:31:31] run run_23_repetition_5: {'model': 'qwen', 'engine': 'sglang', 'profile': 'api', 'context': 'large'}
[ww 02:34:00] sglang ready in 144.11 s; warm-up 60 s
[EXPERIMENT_RUNNER]:  [93m... Starting measurement ...[0m
[EXPERIMENT_RUNNER]:  [93mCalling interaction config hook[0m
[ww 02:35:14] measured phase: 80 units at concurrency 8
[EXPERIMENT_RUNNER]:  [92m... Run completed ...[0m
[EXPERIMENT_RUNNER]:  [93m... Stopping measurement ...[0m
[EXPERIMENT_RUNNER]:  [93mCalling stop_run config hook[0m
[EXPERIMENT_RUNNER]:  [93mCalling populate_run_data config hook[0m
[ww 02:44:17] result: valid=1  E_tok=1.474758 J/tok window=228.545 s
[EXPERIMENT_RUNNER]:  [93mCSVManager: Updated row run_23_repetition_5[0m
[EXPERIMENT_RUNNER]:  [93mCalling before_run config hook[0m

-----------------NEW RUN [153 / 260]-----------------

[EXPERIMENT_RUNNER]:  [93mCalling start_run config hook[0m
[ww 02:44:17] run run_24_repetition_5: {'model': 'qwen', 'engine': 'sglang', 'profile': 'agentic', 'context': 'small'}
[ww 02:47:09] sglang ready in 167.1 s; warm-up 60 s
[EXPERIMENT_RUNNER]:  [93m... Starting measurement ...[0m
[EXPERIMENT_RUNNER]:  [93mCalling interaction config hook[0m
[ww 02:48:21] measured phase: 208 units at concurrency 8
[EXPERIMENT_RUNNER]:  [92m... Run completed ...[0m
[EXPERIMENT_RUNNER]:  [93m... Stopping measurement ...[0m
[EXPERIMENT_RUNNER]:  [93mCalling stop_run config hook[0m
[EXPERIMENT_RUNNER]:  [93mCalling populate_run_data config hook[0m
[ww 02:57:04] result: valid=1  E_tok=0.283842 J/tok window=211.829 s
[EXPERIMENT_RUNNER]:  [93mCSVManager: Updated row run_24_repetition_5[0m
[EXPERIMENT_RUNNER]:  [93mCalling before_run config hook[0m

-----------------NEW RUN [154 / 260]-----------------

[EXPERIMENT_RUNNER]:  [93mCalling start_run config hook[0m
[ww 02:57:04] run run_14_repetition_5: {'model': 'llama', 'engine': 'sglang', 'profile': 'chat', 'context': 'large'}
[ww 03:00:16] sglang ready in 187.12 s; warm-up 60 s
[EXPERIMENT_RUNNER]:  [93m... Starting measurement ...[0m
[EXPERIMENT_RUNNER]:  [93mCalling interaction config hook[0m
[ww 03:01:28] measured phase: 32 units at concurrency 8
[EXPERIMENT_RUNNER]:  [92m... Run completed ...[0m
[EXPERIMENT_RUNNER]:  [93m... Stopping measurement ...[0m
[EXPERIMENT_RUNNER]:  [93mCalling stop_run config hook[0m
[EXPERIMENT_RUNNER]:  [93mCalling populate_run_data config hook[0m
[ww 03:11:02] result: valid=1  E_tok=0.672293 J/tok window=260.137 s
[EXPERIMENT_RUNNER]:  [93mCSVManager: Updated row run_14_repetition_5[0m
[EXPERIMENT_RUNNER]:  [93mCalling before_run config hook[0m

-----------------NEW RUN [155 / 260]-----------------

[EXPERIMENT_RUNNER]:  [93mCalling start_run config hook[0m
[ww 03:11:02] run run_22_repetition_5: {'model': 'qwen', 'engine': 'sglang', 'profile': 'api', 'context': 'small'}
[ww 03:13:46] sglang ready in 159.14 s; warm-up 60 s
[EXPERIMENT_RUNNER]:  [93m... Starting measurement ...[0m
[EXPERIMENT_RUNNER]:  [93mCalling interaction config hook[0m
[ww 03:15:02] measured phase: 192 units at concurrency 8
[EXPERIMENT_RUNNER]:  [92m... Run completed ...[0m
[EXPERIMENT_RUNNER]:  [93m... Stopping measurement ...[0m
[EXPERIMENT_RUNNER]:  [93mCalling stop_run config hook[0m
[EXPERIMENT_RUNNER]:  [93mCalling populate_run_data config hook[0m
[ww 03:23:45] result: valid=1  E_tok=0.316745 J/tok window=210.596 s
[EXPERIMENT_RUNNER]:  [93mCSVManager: Updated row run_22_repetition_5[0m
[EXPERIMENT_RUNNER]:  [93mCalling before_run config hook[0m

-----------------NEW RUN [156 / 260]-----------------

[EXPERIMENT_RUNNER]:  [93mCalling start_run config hook[0m
[ww 03:23:45] run run_20_repetition_5: {'model': 'qwen', 'engine': 'vllm', 'profile': 'agentic', 'context': 'small'}
[ww 03:25:36] vllm ready in 106.08 s; warm-up 60 s
[EXPERIMENT_RUNNER]:  [93m... Starting measurement ...[0m
[EXPERIMENT_RUNNER]:  [93mCalling interaction config hook[0m
[ww 03:26:47] measured phase: 208 units at concurrency 8
[EXPERIMENT_RUNNER]:  [92m... Run completed ...[0m
[EXPERIMENT_RUNNER]:  [93m... Stopping measurement ...[0m
[EXPERIMENT_RUNNER]:  [93mCalling stop_run config hook[0m
[EXPERIMENT_RUNNER]:  [93mCalling populate_run_data config hook[0m
[ww 03:35:25] result: valid=1  E_tok=0.262403 J/tok window=212.46 s
[EXPERIMENT_RUNNER]:  [93mCSVManager: Updated row run_20_repetition_5[0m
[EXPERIMENT_RUNNER]:  [93mCalling before_run config hook[0m

-----------------NEW RUN [157 / 260]-----------------

[EXPERIMENT_RUNNER]:  [93mCalling start_run config hook[0m
[ww 03:35:25] run run_8_repetition_6: {'model': 'llama', 'engine': 'vllm', 'profile': 'agentic', 'context': 'large'}
[ww 03:37:39] vllm ready in 128.08 s; warm-up 60 s
[EXPERIMENT_RUNNER]:  [93m... Starting measurement ...[0m
[EXPERIMENT_RUNNER]:  [93mCalling interaction config hook[0m
[ww 03:38:49] measured phase: 120 units at concurrency 8
[EXPERIMENT_RUNNER]:  [92m... Run completed ...[0m
[EXPERIMENT_RUNNER]:  [93m... Stopping measurement ...[0m
[EXPERIMENT_RUNNER]:  [93mCalling stop_run config hook[0m
[EXPERIMENT_RUNNER]:  [93mCalling populate_run_data config hook[0m
[ww 03:47:58] result: valid=1  E_tok=0.770494 J/tok window=237.999 s
[EXPERIMENT_RUNNER]:  [93mCSVManager: Updated row run_8_repetition_6[0m
[EXPERIMENT_RUNNER]:  [93mCalling before_run config hook[0m

-----------------NEW RUN [158 / 260]-----------------

[EXPERIMENT_RUNNER]:  [93mCalling start_run config hook[0m
[ww 03:47:58] run run_22_repetition_6: {'model': 'qwen', 'engine': 'sglang', 'profile': 'api', 'context': 'small'}
[ww 03:50:46] sglang ready in 163.1 s; warm-up 60 s
[EXPERIMENT_RUNNER]:  [93m... Starting measurement ...[0m
[EXPERIMENT_RUNNER]:  [93mCalling interaction config hook[0m
[ww 03:52:02] measured phase: 192 units at concurrency 8
[EXPERIMENT_RUNNER]:  [92m... Run completed ...[0m
[EXPERIMENT_RUNNER]:  [93m... Stopping measurement ...[0m
[EXPERIMENT_RUNNER]:  [93mCalling stop_run config hook[0m
[EXPERIMENT_RUNNER]:  [93mCalling populate_run_data config hook[0m
[ww 04:00:45] result: valid=1  E_tok=0.338721 J/tok window=211.634 s
[EXPERIMENT_RUNNER]:  [93mCSVManager: Updated row run_22_repetition_6[0m
[EXPERIMENT_RUNNER]:  [93mCalling before_run config hook[0m

-----------------NEW RUN [159 / 260]-----------------

[EXPERIMENT_RUNNER]:  [93mCalling start_run config hook[0m
[ww 04:00:45] run run_7_repetition_6: {'model': 'llama', 'engine': 'vllm', 'profile': 'agentic', 'context': 'medium'}
[ww 04:03:13] vllm ready in 143.11 s; warm-up 60 s
[EXPERIMENT_RUNNER]:  [93m... Starting measurement ...[0m
[EXPERIMENT_RUNNER]:  [93mCalling interaction config hook[0m
[ww 04:04:28] measured phase: 176 units at concurrency 8
[EXPERIMENT_RUNNER]:  [92m... Run completed ...[0m
[EXPERIMENT_RUNNER]:  [93m... Stopping measurement ...[0m
[EXPERIMENT_RUNNER]:  [93mCalling stop_run config hook[0m
[EXPERIMENT_RUNNER]:  [93mCalling populate_run_data config hook[0m
[ww 04:13:11] result: valid=1  E_tok=0.398359 J/tok window=212.79 s
[EXPERIMENT_RUNNER]:  [93mCSVManager: Updated row run_7_repetition_6[0m
[EXPERIMENT_RUNNER]:  [93mCalling before_run config hook[0m

-----------------NEW RUN [160 / 260]-----------------

[EXPERIMENT_RUNNER]:  [93mCalling start_run config hook[0m
[ww 04:13:11] run run_14_repetition_6: {'model': 'llama', 'engine': 'sglang', 'profile': 'chat', 'context': 'large'}
[ww 04:15:57] sglang ready in 161.13 s; warm-up 60 s
[EXPERIMENT_RUNNER]:  [93m... Starting measurement ...[0m
[EXPERIMENT_RUNNER]:  [93mCalling interaction config hook[0m
[ww 04:17:10] measured phase: 32 units at concurrency 8
[EXPERIMENT_RUNNER]:  [92m... Run completed ...[0m
[EXPERIMENT_RUNNER]:  [93m... Stopping measurement ...[0m
[EXPERIMENT_RUNNER]:  [93mCalling stop_run config hook[0m
[EXPERIMENT_RUNNER]:  [93mCalling populate_run_data config hook[0m
[ww 04:26:49] result: valid=1  E_tok=0.681551 J/tok window=267.687 s
[EXPERIMENT_RUNNER]:  [93mCSVManager: Updated row run_14_repetition_6[0m
[EXPERIMENT_RUNNER]:  [93mCalling before_run config hook[0m

-----------------NEW RUN [161 / 260]-----------------

[EXPERIMENT_RUNNER]:  [93mCalling start_run config hook[0m
[ww 04:26:49] run run_24_repetition_6: {'model': 'qwen', 'engine': 'sglang', 'profile': 'agentic', 'context': 'small'}
[ww 04:29:44] sglang ready in 170.14 s; warm-up 60 s
[EXPERIMENT_RUNNER]:  [93m... Starting measurement ...[0m
[EXPERIMENT_RUNNER]:  [93mCalling interaction config hook[0m
[ww 04:30:55] measured phase: 208 units at concurrency 8
[EXPERIMENT_RUNNER]:  [92m... Run completed ...[0m
[EXPERIMENT_RUNNER]:  [93m... Stopping measurement ...[0m
[EXPERIMENT_RUNNER]:  [93mCalling stop_run config hook[0m
[EXPERIMENT_RUNNER]:  [93mCalling populate_run_data config hook[0m
[ww 04:39:39] result: valid=1  E_tok=0.294878 J/tok window=211.425 s
[EXPERIMENT_RUNNER]:  [93mCSVManager: Updated row run_24_repetition_6[0m
[EXPERIMENT_RUNNER]:  [93mCalling before_run config hook[0m

-----------------NEW RUN [162 / 260]-----------------

[EXPERIMENT_RUNNER]:  [93mCalling start_run config hook[0m
[ww 04:39:39] run run_6_repetition_6: {'model': 'llama', 'engine': 'vllm', 'profile': 'agentic', 'context': 'small'}
[ww 04:42:04] vllm ready in 140.09 s; warm-up 60 s
[EXPERIMENT_RUNNER]:  [93m... Starting measurement ...[0m
[EXPERIMENT_RUNNER]:  [93mCalling interaction config hook[0m
[ww 04:43:20] measured phase: 192 units at concurrency 8
[EXPERIMENT_RUNNER]:  [92m... Run completed ...[0m
[EXPERIMENT_RUNNER]:  [93m... Stopping measurement ...[0m
[EXPERIMENT_RUNNER]:  [93mCalling stop_run config hook[0m
[EXPERIMENT_RUNNER]:  [93mCalling populate_run_data config hook[0m
[ww 04:51:58] result: valid=1  E_tok=0.305419 J/tok window=212.241 s
[EXPERIMENT_RUNNER]:  [93mCSVManager: Updated row run_6_repetition_6[0m
[EXPERIMENT_RUNNER]:  [93mCalling before_run config hook[0m

-----------------NEW RUN [163 / 260]-----------------

[EXPERIMENT_RUNNER]:  [93mCalling start_run config hook[0m
[ww 04:51:58] run run_15_repetition_6: {'model': 'llama', 'engine': 'sglang', 'profile': 'agentic', 'context': 'small'}
[ww 04:54:40] sglang ready in 157.14 s; warm-up 60 s
[EXPERIMENT_RUNNER]:  [93m... Starting measurement ...[0m
[EXPERIMENT_RUNNER]:  [93mCalling interaction config hook[0m
[ww 04:55:57] measured phase: 192 units at concurrency 8
[EXPERIMENT_RUNNER]:  [92m... Run completed ...[0m
[EXPERIMENT_RUNNER]:  [93m... Stopping measurement ...[0m
[EXPERIMENT_RUNNER]:  [93mCalling stop_run config hook[0m
[EXPERIMENT_RUNNER]:  [93mCalling populate_run_data config hook[0m
[ww 05:04:40] result: valid=1  E_tok=0.276546 J/tok window=210.971 s
[EXPERIMENT_RUNNER]:  [93mCSVManager: Updated row run_15_repetition_6[0m
[EXPERIMENT_RUNNER]:  [93mCalling before_run config hook[0m

-----------------NEW RUN [164 / 260]-----------------

[EXPERIMENT_RUNNER]:  [93mCalling start_run config hook[0m
[ww 05:04:40] run run_12_repetition_6: {'model': 'llama', 'engine': 'sglang', 'profile': 'chat', 'context': 'small'}
[ww 05:07:41] sglang ready in 176.12 s; warm-up 60 s
[EXPERIMENT_RUNNER]:  [93m... Starting measurement ...[0m
[EXPERIMENT_RUNNER]:  [93mCalling interaction config hook[0m
[ww 05:09:00] measured phase: 48 units at concurrency 8
[EXPERIMENT_RUNNER]:  [92m... Run completed ...[0m
[EXPERIMENT_RUNNER]:  [93m... Stopping measurement ...[0m
[EXPERIMENT_RUNNER]:  [93mCalling stop_run config hook[0m
[EXPERIMENT_RUNNER]:  [93mCalling populate_run_data config hook[0m
[ww 05:17:53] result: valid=1  E_tok=0.314846 J/tok window=219.45 s
[EXPERIMENT_RUNNER]:  [93mCSVManager: Updated row run_12_repetition_6[0m
[EXPERIMENT_RUNNER]:  [93mCalling before_run config hook[0m

-----------------NEW RUN [165 / 260]-----------------

[EXPERIMENT_RUNNER]:  [93mCalling start_run config hook[0m
[ww 05:17:53] run run_9_repetition_6: {'model': 'llama', 'engine': 'sglang', 'profile': 'api', 'context': 'small'}
[ww 05:20:53] sglang ready in 175.13 s; warm-up 60 s
[EXPERIMENT_RUNNER]:  [93m... Starting measurement ...[0m
[EXPERIMENT_RUNNER]:  [93mCalling interaction config hook[0m
[ww 05:22:06] measured phase: 184 units at concurrency 8
[EXPERIMENT_RUNNER]:  [92m... Run completed ...[0m
[EXPERIMENT_RUNNER]:  [93m... Stopping measurement ...[0m
[EXPERIMENT_RUNNER]:  [93mCalling stop_run config hook[0m
[EXPERIMENT_RUNNER]:  [93mCalling populate_run_data config hook[0m
[ww 05:30:54] result: valid=1  E_tok=0.352104 J/tok window=216.491 s
[EXPERIMENT_RUNNER]:  [93mCSVManager: Updated row run_9_repetition_6[0m
[EXPERIMENT_RUNNER]:  [93mCalling before_run config hook[0m

-----------------NEW RUN [166 / 260]-----------------

[EXPERIMENT_RUNNER]:  [93mCalling start_run config hook[0m
[ww 05:30:54] run run_25_repetition_6: {'model': 'qwen', 'engine': 'sglang', 'profile': 'agentic', 'context': 'large'}
[ww 05:33:31] sglang ready in 152.12 s; warm-up 60 s
[EXPERIMENT_RUNNER]:  [93m... Starting measurement ...[0m
[EXPERIMENT_RUNNER]:  [93mCalling interaction config hook[0m
[ww 05:34:40] measured phase: 144 units at concurrency 8
[EXPERIMENT_RUNNER]:  [92m... Run completed ...[0m
[EXPERIMENT_RUNNER]:  [93m... Stopping measurement ...[0m
[EXPERIMENT_RUNNER]:  [93mCalling stop_run config hook[0m
[EXPERIMENT_RUNNER]:  [93mCalling populate_run_data config hook[0m
[ww 05:43:32] result: valid=1  E_tok=0.629833 J/tok window=219.049 s
[EXPERIMENT_RUNNER]:  [93mCSVManager: Updated row run_25_repetition_6[0m
[EXPERIMENT_RUNNER]:  [93mCalling before_run config hook[0m

-----------------NEW RUN [167 / 260]-----------------

[EXPERIMENT_RUNNER]:  [93mCalling start_run config hook[0m
[ww 05:43:32] run run_2_repetition_6: {'model': 'llama', 'engine': 'vllm', 'profile': 'api', 'context': 'large'}
[ww 05:45:53] vllm ready in 136.08 s; warm-up 60 s
[EXPERIMENT_RUNNER]:  [93m... Starting measurement ...[0m
[EXPERIMENT_RUNNER]:  [93mCalling interaction config hook[0m
[ww 05:47:15] measured phase: 64 units at concurrency 8
[EXPERIMENT_RUNNER]:  [92m... Run completed ...[0m
[EXPERIMENT_RUNNER]:  [93m... Stopping measurement ...[0m
[EXPERIMENT_RUNNER]:  [93mCalling stop_run config hook[0m
[EXPERIMENT_RUNNER]:  [93mCalling populate_run_data config hook[0m
[ww 05:56:18] result: valid=1  E_tok=1.913481 J/tok window=233.351 s
[EXPERIMENT_RUNNER]:  [93mCSVManager: Updated row run_2_repetition_6[0m
[EXPERIMENT_RUNNER]:  [93mCalling before_run config hook[0m

-----------------NEW RUN [168 / 260]-----------------

[EXPERIMENT_RUNNER]:  [93mCalling start_run config hook[0m
[ww 05:56:18] run run_1_repetition_6: {'model': 'llama', 'engine': 'vllm', 'profile': 'api', 'context': 'medium'}
[ww 05:58:45] vllm ready in 142.09 s; warm-up 60 s
[EXPERIMENT_RUNNER]:  [93m... Starting measurement ...[0m
[EXPERIMENT_RUNNER]:  [93mCalling interaction config hook[0m
[ww 05:59:56] measured phase: 136 units at concurrency 8
[EXPERIMENT_RUNNER]:  [92m... Run completed ...[0m
[EXPERIMENT_RUNNER]:  [93m... Stopping measurement ...[0m
[EXPERIMENT_RUNNER]:  [93mCalling stop_run config hook[0m
[EXPERIMENT_RUNNER]:  [93mCalling populate_run_data config hook[0m
[ww 06:08:45] result: valid=1  E_tok=0.585003 J/tok window=222.108 s
[EXPERIMENT_RUNNER]:  [93mCSVManager: Updated row run_1_repetition_6[0m
[EXPERIMENT_RUNNER]:  [93mCalling before_run config hook[0m

-----------------NEW RUN [169 / 260]-----------------

[EXPERIMENT_RUNNER]:  [93mCalling start_run config hook[0m
[ww 06:08:45] run run_3_repetition_6: {'model': 'llama', 'engine': 'vllm', 'profile': 'chat', 'context': 'small'}
[ww 06:11:08] vllm ready in 138.09 s; warm-up 60 s
[EXPERIMENT_RUNNER]:  [93m... Starting measurement ...[0m
[EXPERIMENT_RUNNER]:  [93mCalling interaction config hook[0m
[ww 06:12:26] measured phase: 48 units at concurrency 8
[EXPERIMENT_RUNNER]:  [92m... Run completed ...[0m
[EXPERIMENT_RUNNER]:  [93m... Stopping measurement ...[0m
[EXPERIMENT_RUNNER]:  [93mCalling stop_run config hook[0m
[EXPERIMENT_RUNNER]:  [93mCalling populate_run_data config hook[0m
[ww 06:21:15] result: valid=1  E_tok=0.33081 J/tok window=218.331 s
[EXPERIMENT_RUNNER]:  [93mCSVManager: Updated row run_3_repetition_6[0m
[EXPERIMENT_RUNNER]:  [93mCalling before_run config hook[0m

-----------------NEW RUN [170 / 260]-----------------

[EXPERIMENT_RUNNER]:  [93mCalling start_run config hook[0m
[ww 06:21:15] run run_0_repetition_6: {'model': 'llama', 'engine': 'vllm', 'profile': 'api', 'context': 'small'}
[ww 06:23:15] vllm ready in 115.09 s; warm-up 60 s
[EXPERIMENT_RUNNER]:  [93m... Starting measurement ...[0m
[EXPERIMENT_RUNNER]:  [93mCalling interaction config hook[0m
[ww 06:24:28] measured phase: 184 units at concurrency 8
[EXPERIMENT_RUNNER]:  [92m... Run completed ...[0m
[EXPERIMENT_RUNNER]:  [93m... Stopping measurement ...[0m
[EXPERIMENT_RUNNER]:  [93mCalling stop_run config hook[0m
[EXPERIMENT_RUNNER]:  [93mCalling populate_run_data config hook[0m
[ww 06:33:17] result: valid=1  E_tok=0.331179 J/tok window=218.06 s
[EXPERIMENT_RUNNER]:  [93mCSVManager: Updated row run_0_repetition_6[0m
[EXPERIMENT_RUNNER]:  [93mCalling before_run config hook[0m

-----------------NEW RUN [171 / 260]-----------------

[EXPERIMENT_RUNNER]:  [93mCalling start_run config hook[0m
[ww 06:33:17] run run_19_repetition_6: {'model': 'qwen', 'engine': 'vllm', 'profile': 'api', 'context': 'large'}
[ww 06:35:33] vllm ready in 131.08 s; warm-up 60 s
[EXPERIMENT_RUNNER]:  [93m... Starting measurement ...[0m
[EXPERIMENT_RUNNER]:  [93mCalling interaction config hook[0m
[ww 06:36:50] measured phase: 80 units at concurrency 8
[EXPERIMENT_RUNNER]:  [92m... Run completed ...[0m
[EXPERIMENT_RUNNER]:  [93m... Stopping measurement ...[0m
[EXPERIMENT_RUNNER]:  [93mCalling stop_run config hook[0m
[EXPERIMENT_RUNNER]:  [93mCalling populate_run_data config hook[0m
[ww 06:45:59] result: valid=1  E_tok=1.674953 J/tok window=241.327 s
[EXPERIMENT_RUNNER]:  [93mCSVManager: Updated row run_19_repetition_6[0m
[EXPERIMENT_RUNNER]:  [93mCalling before_run config hook[0m

-----------------NEW RUN [172 / 260]-----------------

[EXPERIMENT_RUNNER]:  [93mCalling start_run config hook[0m
[ww 06:45:59] run run_11_repetition_6: {'model': 'llama', 'engine': 'sglang', 'profile': 'api', 'context': 'large'}
[ww 06:48:53] sglang ready in 169.12 s; warm-up 60 s
[EXPERIMENT_RUNNER]:  [93m... Starting measurement ...[0m
[EXPERIMENT_RUNNER]:  [93mCalling interaction config hook[0m
[ww 06:50:20] measured phase: 64 units at concurrency 8
[EXPERIMENT_RUNNER]:  [92m... Run completed ...[0m
[EXPERIMENT_RUNNER]:  [93m... Stopping measurement ...[0m
[EXPERIMENT_RUNNER]:  [93mCalling stop_run config hook[0m
[EXPERIMENT_RUNNER]:  [93mCalling populate_run_data config hook[0m
[ww 06:59:13] result: valid=1  E_tok=1.592002 J/tok window=219.153 s
[EXPERIMENT_RUNNER]:  [93mCSVManager: Updated row run_11_repetition_6[0m
[EXPERIMENT_RUNNER]:  [93mCalling before_run config hook[0m

-----------------NEW RUN [173 / 260]-----------------

[EXPERIMENT_RUNNER]:  [93mCalling start_run config hook[0m
[ww 06:59:13] run run_23_repetition_6: {'model': 'qwen', 'engine': 'sglang', 'profile': 'api', 'context': 'large'}
[ww 07:02:00] sglang ready in 162.1 s; warm-up 60 s
[EXPERIMENT_RUNNER]:  [93m... Starting measurement ...[0m
[EXPERIMENT_RUNNER]:  [93mCalling interaction config hook[0m
[ww 07:03:14] measured phase: 80 units at concurrency 8
[EXPERIMENT_RUNNER]:  [92m... Run completed ...[0m
[EXPERIMENT_RUNNER]:  [93m... Stopping measurement ...[0m
[EXPERIMENT_RUNNER]:  [93mCalling stop_run config hook[0m
[EXPERIMENT_RUNNER]:  [93mCalling populate_run_data config hook[0m
[ww 07:12:17] result: valid=1  E_tok=1.318451 J/tok window=228.413 s
[EXPERIMENT_RUNNER]:  [93mCSVManager: Updated row run_23_repetition_6[0m
[EXPERIMENT_RUNNER]:  [93mCalling before_run config hook[0m

-----------------NEW RUN [174 / 260]-----------------

[EXPERIMENT_RUNNER]:  [93mCalling start_run config hook[0m
[ww 07:12:17] run run_5_repetition_6: {'model': 'llama', 'engine': 'vllm', 'profile': 'chat', 'context': 'large'}
[ww 07:14:40] vllm ready in 138.08 s; warm-up 60 s
[EXPERIMENT_RUNNER]:  [93m... Starting measurement ...[0m
[EXPERIMENT_RUNNER]:  [93mCalling interaction config hook[0m
[ww 07:15:56] measured phase: 32 units at concurrency 8
[EXPERIMENT_RUNNER]:  [92m... Run completed ...[0m
[EXPERIMENT_RUNNER]:  [93m... Stopping measurement ...[0m
[EXPERIMENT_RUNNER]:  [93mCalling stop_run config hook[0m
[EXPERIMENT_RUNNER]:  [93mCalling populate_run_data config hook[0m
[ww 07:25:41] result: valid=1  E_tok=0.802605 J/tok window=273.921 s
[EXPERIMENT_RUNNER]:  [93mCSVManager: Updated row run_5_repetition_6[0m
[EXPERIMENT_RUNNER]:  [93mCalling before_run config hook[0m

-----------------NEW RUN [175 / 260]-----------------

[EXPERIMENT_RUNNER]:  [93mCalling start_run config hook[0m
[ww 07:25:41] run run_17_repetition_6: {'model': 'llama', 'engine': 'sglang', 'profile': 'agentic', 'context': 'large'}
[ww 07:28:48] sglang ready in 182.14 s; warm-up 60 s
[EXPERIMENT_RUNNER]:  [93m... Starting measurement ...[0m
[EXPERIMENT_RUNNER]:  [93mCalling interaction config hook[0m
[ww 07:30:07] measured phase: 120 units at concurrency 8
[EXPERIMENT_RUNNER]:  [92m... Run completed ...[0m
[EXPERIMENT_RUNNER]:  [93m... Stopping measurement ...[0m
[EXPERIMENT_RUNNER]:  [93mCalling stop_run config hook[0m
[EXPERIMENT_RUNNER]:  [93mCalling populate_run_data config hook[0m
[ww 07:38:50] result: valid=1  E_tok=0.700406 J/tok window=215.737 s
[EXPERIMENT_RUNNER]:  [93mCSVManager: Updated row run_17_repetition_6[0m
[EXPERIMENT_RUNNER]:  [93mCalling before_run config hook[0m

-----------------NEW RUN [176 / 260]-----------------

[EXPERIMENT_RUNNER]:  [93mCalling start_run config hook[0m
[ww 07:38:50] run run_10_repetition_6: {'model': 'llama', 'engine': 'sglang', 'profile': 'api', 'context': 'medium'}
[ww 07:41:43] sglang ready in 167.13 s; warm-up 60 s
[EXPERIMENT_RUNNER]:  [93m... Starting measurement ...[0m
[EXPERIMENT_RUNNER]:  [93mCalling interaction config hook[0m
[ww 07:42:53] measured phase: 136 units at concurrency 8
[EXPERIMENT_RUNNER]:  [92m... Run completed ...[0m
[EXPERIMENT_RUNNER]:  [93m... Stopping measurement ...[0m
[EXPERIMENT_RUNNER]:  [93mCalling stop_run config hook[0m
[EXPERIMENT_RUNNER]:  [93mCalling populate_run_data config hook[0m
[ww 07:51:46] result: valid=1  E_tok=0.551305 J/tok window=220.01 s
[EXPERIMENT_RUNNER]:  [93mCSVManager: Updated row run_10_repetition_6[0m
[EXPERIMENT_RUNNER]:  [93mCalling before_run config hook[0m

-----------------NEW RUN [177 / 260]-----------------

[EXPERIMENT_RUNNER]:  [93mCalling start_run config hook[0m
[ww 07:51:46] run run_13_repetition_6: {'model': 'llama', 'engine': 'sglang', 'profile': 'chat', 'context': 'medium'}
[ww 07:54:43] sglang ready in 172.11 s; warm-up 60 s
[EXPERIMENT_RUNNER]:  [93m... Starting measurement ...[0m
[EXPERIMENT_RUNNER]:  [93mCalling interaction config hook[0m
[ww 07:56:13] measured phase: 40 units at concurrency 8
[EXPERIMENT_RUNNER]:  [92m... Run completed ...[0m
[EXPERIMENT_RUNNER]:  [93m... Stopping measurement ...[0m
[EXPERIMENT_RUNNER]:  [93mCalling stop_run config hook[0m
[EXPERIMENT_RUNNER]:  [93mCalling populate_run_data config hook[0m
[ww 08:05:02] result: valid=1  E_tok=0.40135 J/tok window=213.097 s
[EXPERIMENT_RUNNER]:  [93mCSVManager: Updated row run_13_repetition_6[0m
[EXPERIMENT_RUNNER]:  [93mCalling before_run config hook[0m

-----------------NEW RUN [178 / 260]-----------------

[EXPERIMENT_RUNNER]:  [93mCalling start_run config hook[0m
[ww 08:05:02] run run_20_repetition_6: {'model': 'qwen', 'engine': 'vllm', 'profile': 'agentic', 'context': 'small'}
[ww 08:06:53] vllm ready in 106.08 s; warm-up 60 s
[EXPERIMENT_RUNNER]:  [93m... Starting measurement ...[0m
[EXPERIMENT_RUNNER]:  [93mCalling interaction config hook[0m
[ww 08:08:04] measured phase: 208 units at concurrency 8
[EXPERIMENT_RUNNER]:  [92m... Run completed ...[0m
[EXPERIMENT_RUNNER]:  [93m... Stopping measurement ...[0m
[EXPERIMENT_RUNNER]:  [93mCalling stop_run config hook[0m
[EXPERIMENT_RUNNER]:  [93mCalling populate_run_data config hook[0m
[ww 08:16:48] result: valid=1  E_tok=0.260924 J/tok window=213.337 s
[EXPERIMENT_RUNNER]:  [93mCSVManager: Updated row run_20_repetition_6[0m
[EXPERIMENT_RUNNER]:  [93mCalling before_run config hook[0m

-----------------NEW RUN [179 / 260]-----------------

[EXPERIMENT_RUNNER]:  [93mCalling start_run config hook[0m
[ww 08:16:48] run run_18_repetition_6: {'model': 'qwen', 'engine': 'vllm', 'profile': 'api', 'context': 'small'}
[ww 08:19:04] vllm ready in 131.08 s; warm-up 60 s
[EXPERIMENT_RUNNER]:  [93m... Starting measurement ...[0m
[EXPERIMENT_RUNNER]:  [93mCalling interaction config hook[0m
[ww 08:20:19] measured phase: 192 units at concurrency 8
[EXPERIMENT_RUNNER]:  [92m... Run completed ...[0m
[EXPERIMENT_RUNNER]:  [93m... Stopping measurement ...[0m
[EXPERIMENT_RUNNER]:  [93mCalling stop_run config hook[0m
[EXPERIMENT_RUNNER]:  [93mCalling populate_run_data config hook[0m
[ww 08:28:57] result: valid=1  E_tok=0.337802 J/tok window=210.578 s
[EXPERIMENT_RUNNER]:  [93mCSVManager: Updated row run_18_repetition_6[0m
[EXPERIMENT_RUNNER]:  [93mCalling before_run config hook[0m

-----------------NEW RUN [180 / 260]-----------------

[EXPERIMENT_RUNNER]:  [93mCalling start_run config hook[0m
[ww 08:28:57] run run_4_repetition_6: {'model': 'llama', 'engine': 'vllm', 'profile': 'chat', 'context': 'medium'}
[ww 08:31:09] vllm ready in 127.07 s; warm-up 60 s
[EXPERIMENT_RUNNER]:  [93m... Starting measurement ...[0m
[EXPERIMENT_RUNNER]:  [93mCalling interaction config hook[0m
[ww 08:32:39] measured phase: 40 units at concurrency 8
[EXPERIMENT_RUNNER]:  [92m... Run completed ...[0m
[EXPERIMENT_RUNNER]:  [93m... Stopping measurement ...[0m
[EXPERIMENT_RUNNER]:  [93mCalling stop_run config hook[0m
[EXPERIMENT_RUNNER]:  [93mCalling populate_run_data config hook[0m
[ww 08:41:23] result: valid=1  E_tok=0.391633 J/tok window=212.817 s
[EXPERIMENT_RUNNER]:  [93mCSVManager: Updated row run_4_repetition_6[0m
[EXPERIMENT_RUNNER]:  [93mCalling before_run config hook[0m

-----------------NEW RUN [181 / 260]-----------------

[EXPERIMENT_RUNNER]:  [93mCalling start_run config hook[0m
[ww 08:41:23] run run_16_repetition_6: {'model': 'llama', 'engine': 'sglang', 'profile': 'agentic', 'context': 'medium'}
[ww 08:44:20] sglang ready in 172.12 s; warm-up 60 s
[EXPERIMENT_RUNNER]:  [93m... Starting measurement ...[0m
[EXPERIMENT_RUNNER]:  [93mCalling interaction config hook[0m
[ww 08:45:36] measured phase: 176 units at concurrency 8
[EXPERIMENT_RUNNER]:  [92m... Run completed ...[0m
[EXPERIMENT_RUNNER]:  [93m... Stopping measurement ...[0m
[EXPERIMENT_RUNNER]:  [93mCalling stop_run config hook[0m
[EXPERIMENT_RUNNER]:  [93mCalling populate_run_data config hook[0m
[ww 08:54:30] result: valid=1  E_tok=0.381194 J/tok window=217.365 s
[EXPERIMENT_RUNNER]:  [93mCSVManager: Updated row run_16_repetition_6[0m
[EXPERIMENT_RUNNER]:  [93mCalling before_run config hook[0m

-----------------NEW RUN [182 / 260]-----------------

[EXPERIMENT_RUNNER]:  [93mCalling start_run config hook[0m
[ww 08:54:30] run run_21_repetition_6: {'model': 'qwen', 'engine': 'vllm', 'profile': 'agentic', 'context': 'large'}
[ww 08:56:42] vllm ready in 127.1 s; warm-up 60 s
[EXPERIMENT_RUNNER]:  [93m... Starting measurement ...[0m
[EXPERIMENT_RUNNER]:  [93mCalling interaction config hook[0m
[ww 08:57:51] measured phase: 144 units at concurrency 8
[EXPERIMENT_RUNNER]:  [92m... Run completed ...[0m
[EXPERIMENT_RUNNER]:  [93m... Stopping measurement ...[0m
[EXPERIMENT_RUNNER]:  [93mCalling stop_run config hook[0m
[EXPERIMENT_RUNNER]:  [93mCalling populate_run_data config hook[0m
[ww 09:06:44] result: valid=1  E_tok=0.664268 J/tok window=225.526 s
[EXPERIMENT_RUNNER]:  [93mCSVManager: Updated row run_21_repetition_6[0m
[EXPERIMENT_RUNNER]:  [93mCalling before_run config hook[0m

-----------------NEW RUN [183 / 260]-----------------

[EXPERIMENT_RUNNER]:  [93mCalling start_run config hook[0m
[ww 09:06:44] run run_2_repetition_7: {'model': 'llama', 'engine': 'vllm', 'profile': 'api', 'context': 'large'}
[ww 09:09:07] vllm ready in 138.09 s; warm-up 60 s
[EXPERIMENT_RUNNER]:  [93m... Starting measurement ...[0m
[EXPERIMENT_RUNNER]:  [93mCalling interaction config hook[0m
[ww 09:10:28] measured phase: 64 units at concurrency 8
[EXPERIMENT_RUNNER]:  [92m... Run completed ...[0m
[EXPERIMENT_RUNNER]:  [93m... Stopping measurement ...[0m
[EXPERIMENT_RUNNER]:  [93mCalling stop_run config hook[0m
[EXPERIMENT_RUNNER]:  [93mCalling populate_run_data config hook[0m
[ww 09:19:36] result: valid=1  E_tok=1.74476 J/tok window=238.546 s
[EXPERIMENT_RUNNER]:  [93mCSVManager: Updated row run_2_repetition_7[0m
[EXPERIMENT_RUNNER]:  [93mCalling before_run config hook[0m

-----------------NEW RUN [184 / 260]-----------------

[EXPERIMENT_RUNNER]:  [93mCalling start_run config hook[0m
[ww 09:19:36] run run_21_repetition_7: {'model': 'qwen', 'engine': 'vllm', 'profile': 'agentic', 'context': 'large'}
[ww 09:21:48] vllm ready in 127.08 s; warm-up 60 s
[EXPERIMENT_RUNNER]:  [93m... Starting measurement ...[0m
[EXPERIMENT_RUNNER]:  [93mCalling interaction config hook[0m
[ww 09:22:58] measured phase: 144 units at concurrency 8
[EXPERIMENT_RUNNER]:  [92m... Run completed ...[0m
[EXPERIMENT_RUNNER]:  [93m... Stopping measurement ...[0m
[EXPERIMENT_RUNNER]:  [93mCalling stop_run config hook[0m
[EXPERIMENT_RUNNER]:  [93mCalling populate_run_data config hook[0m
[ww 09:31:46] result: valid=1  E_tok=0.647941 J/tok window=219.908 s
[EXPERIMENT_RUNNER]:  [93mCSVManager: Updated row run_21_repetition_7[0m
[EXPERIMENT_RUNNER]:  [93mCalling before_run config hook[0m

-----------------NEW RUN [185 / 260]-----------------

[EXPERIMENT_RUNNER]:  [93mCalling start_run config hook[0m
[ww 09:31:46] run run_10_repetition_7: {'model': 'llama', 'engine': 'sglang', 'profile': 'api', 'context': 'medium'}
[ww 09:34:50] sglang ready in 179.15 s; warm-up 60 s
[EXPERIMENT_RUNNER]:  [93m... Starting measurement ...[0m
[EXPERIMENT_RUNNER]:  [93mCalling interaction config hook[0m
[ww 09:36:00] measured phase: 136 units at concurrency 8
[EXPERIMENT_RUNNER]:  [92m... Run completed ...[0m
[EXPERIMENT_RUNNER]:  [93m... Stopping measurement ...[0m
[EXPERIMENT_RUNNER]:  [93mCalling stop_run config hook[0m
[EXPERIMENT_RUNNER]:  [93mCalling populate_run_data config hook[0m
[ww 09:44:54] result: valid=1  E_tok=0.544061 J/tok window=220.034 s
[EXPERIMENT_RUNNER]:  [93mCSVManager: Updated row run_10_repetition_7[0m
[EXPERIMENT_RUNNER]:  [93mCalling before_run config hook[0m

-----------------NEW RUN [186 / 260]-----------------

[EXPERIMENT_RUNNER]:  [93mCalling start_run config hook[0m
[ww 09:44:54] run run_22_repetition_7: {'model': 'qwen', 'engine': 'sglang', 'profile': 'api', 'context': 'small'}
[ww 09:47:21] sglang ready in 142.11 s; warm-up 60 s
[EXPERIMENT_RUNNER]:  [93m... Starting measurement ...[0m
[EXPERIMENT_RUNNER]:  [93mCalling interaction config hook[0m
[ww 09:48:37] measured phase: 192 units at concurrency 8
[EXPERIMENT_RUNNER]:  [92m... Run completed ...[0m
[EXPERIMENT_RUNNER]:  [93m... Stopping measurement ...[0m
[EXPERIMENT_RUNNER]:  [93mCalling stop_run config hook[0m
[EXPERIMENT_RUNNER]:  [93mCalling populate_run_data config hook[0m
[ww 09:57:19] result: valid=1  E_tok=0.345524 J/tok window=211.367 s
[EXPERIMENT_RUNNER]:  [93mCSVManager: Updated row run_22_repetition_7[0m
[EXPERIMENT_RUNNER]:  [93mCalling before_run config hook[0m

-----------------NEW RUN [187 / 260]-----------------

[EXPERIMENT_RUNNER]:  [93mCalling start_run config hook[0m
[ww 09:57:19] run run_19_repetition_7: {'model': 'qwen', 'engine': 'vllm', 'profile': 'api', 'context': 'large'}
[ww 09:59:24] vllm ready in 119.08 s; warm-up 60 s
[EXPERIMENT_RUNNER]:  [93m... Starting measurement ...[0m
[EXPERIMENT_RUNNER]:  [93mCalling interaction config hook[0m
[ww 10:00:41] measured phase: 80 units at concurrency 8
[EXPERIMENT_RUNNER]:  [92m... Run completed ...[0m
[EXPERIMENT_RUNNER]:  [93m... Stopping measurement ...[0m
[EXPERIMENT_RUNNER]:  [93mCalling stop_run config hook[0m
[EXPERIMENT_RUNNER]:  [93mCalling populate_run_data config hook[0m
[ww 10:09:50] result: valid=1  E_tok=1.535503 J/tok window=241.08 s
[EXPERIMENT_RUNNER]:  [93mCSVManager: Updated row run_19_repetition_7[0m
[EXPERIMENT_RUNNER]:  [93mCalling before_run config hook[0m

-----------------NEW RUN [188 / 260]-----------------

[EXPERIMENT_RUNNER]:  [93mCalling start_run config hook[0m
[ww 10:09:50] run run_11_repetition_7: {'model': 'llama', 'engine': 'sglang', 'profile': 'api', 'context': 'large'}
[ww 10:12:54] sglang ready in 179.11 s; warm-up 60 s
[EXPERIMENT_RUNNER]:  [93m... Starting measurement ...[0m
[EXPERIMENT_RUNNER]:  [93mCalling interaction config hook[0m
[ww 10:14:21] measured phase: 64 units at concurrency 8
[EXPERIMENT_RUNNER]:  [92m... Run completed ...[0m
[EXPERIMENT_RUNNER]:  [93m... Stopping measurement ...[0m
[EXPERIMENT_RUNNER]:  [93mCalling stop_run config hook[0m
[EXPERIMENT_RUNNER]:  [93mCalling populate_run_data config hook[0m
[ww 10:23:14] result: valid=1  E_tok=1.499824 J/tok window=219.099 s
[EXPERIMENT_RUNNER]:  [93mCSVManager: Updated row run_11_repetition_7[0m
[EXPERIMENT_RUNNER]:  [93mCalling before_run config hook[0m

-----------------NEW RUN [189 / 260]-----------------

[EXPERIMENT_RUNNER]:  [93mCalling start_run config hook[0m
[ww 10:23:14] run run_24_repetition_7: {'model': 'qwen', 'engine': 'sglang', 'profile': 'agentic', 'context': 'small'}
[ww 10:25:39] sglang ready in 140.09 s; warm-up 60 s
[EXPERIMENT_RUNNER]:  [93m... Starting measurement ...[0m
[EXPERIMENT_RUNNER]:  [93mCalling interaction config hook[0m
[ww 10:26:51] measured phase: 208 units at concurrency 8
[EXPERIMENT_RUNNER]:  [92m... Run completed ...[0m
[EXPERIMENT_RUNNER]:  [93m... Stopping measurement ...[0m
[EXPERIMENT_RUNNER]:  [93mCalling stop_run config hook[0m
[EXPERIMENT_RUNNER]:  [93mCalling populate_run_data config hook[0m
[ww 10:35:34] result: valid=1  E_tok=0.275878 J/tok window=211.625 s
[EXPERIMENT_RUNNER]:  [93mCSVManager: Updated row run_24_repetition_7[0m
[EXPERIMENT_RUNNER]:  [93mCalling before_run config hook[0m

-----------------NEW RUN [190 / 260]-----------------

[EXPERIMENT_RUNNER]:  [93mCalling start_run config hook[0m
[ww 10:35:34] run run_20_repetition_7: {'model': 'qwen', 'engine': 'vllm', 'profile': 'agentic', 'context': 'small'}
[ww 10:37:46] vllm ready in 127.08 s; warm-up 60 s
[EXPERIMENT_RUNNER]:  [93m... Starting measurement ...[0m
[EXPERIMENT_RUNNER]:  [93mCalling interaction config hook[0m
[ww 10:38:57] measured phase: 208 units at concurrency 8
[EXPERIMENT_RUNNER]:  [92m... Run completed ...[0m
[EXPERIMENT_RUNNER]:  [93m... Stopping measurement ...[0m
[EXPERIMENT_RUNNER]:  [93mCalling stop_run config hook[0m
[EXPERIMENT_RUNNER]:  [93mCalling populate_run_data config hook[0m
[ww 10:47:41] result: valid=1  E_tok=0.275808 J/tok window=212.788 s
[EXPERIMENT_RUNNER]:  [93mCSVManager: Updated row run_20_repetition_7[0m
[EXPERIMENT_RUNNER]:  [93mCalling before_run config hook[0m

-----------------NEW RUN [191 / 260]-----------------

[EXPERIMENT_RUNNER]:  [93mCalling start_run config hook[0m
[ww 10:47:41] run run_9_repetition_7: {'model': 'llama', 'engine': 'sglang', 'profile': 'api', 'context': 'small'}
[ww 10:50:23] sglang ready in 157.13 s; warm-up 60 s
[EXPERIMENT_RUNNER]:  [93m... Starting measurement ...[0m
[EXPERIMENT_RUNNER]:  [93mCalling interaction config hook[0m
[ww 10:51:35] measured phase: 184 units at concurrency 8
[EXPERIMENT_RUNNER]:  [92m... Run completed ...[0m
[EXPERIMENT_RUNNER]:  [93m... Stopping measurement ...[0m
[EXPERIMENT_RUNNER]:  [93mCalling stop_run config hook[0m
[EXPERIMENT_RUNNER]:  [93mCalling populate_run_data config hook[0m
[ww 11:00:29] result: valid=1  E_tok=0.328126 J/tok window=220.127 s
[EXPERIMENT_RUNNER]:  [93mCSVManager: Updated row run_9_repetition_7[0m
[EXPERIMENT_RUNNER]:  [93mCalling before_run config hook[0m

-----------------NEW RUN [192 / 260]-----------------

[EXPERIMENT_RUNNER]:  [93mCalling start_run config hook[0m
[ww 11:00:29] run run_1_repetition_7: {'model': 'llama', 'engine': 'vllm', 'profile': 'api', 'context': 'medium'}
[ww 11:02:54] vllm ready in 140.11 s; warm-up 60 s
[EXPERIMENT_RUNNER]:  [93m... Starting measurement ...[0m
[EXPERIMENT_RUNNER]:  [93mCalling interaction config hook[0m
[ww 11:04:05] measured phase: 136 units at concurrency 8
[EXPERIMENT_RUNNER]:  [92m... Run completed ...[0m
[EXPERIMENT_RUNNER]:  [93m... Stopping measurement ...[0m
[EXPERIMENT_RUNNER]:  [93mCalling stop_run config hook[0m
[EXPERIMENT_RUNNER]:  [93mCalling populate_run_data config hook[0m
[ww 11:12:59] result: valid=1  E_tok=0.613088 J/tok window=222.776 s
[EXPERIMENT_RUNNER]:  [93mCSVManager: Updated row run_1_repetition_7[0m
[EXPERIMENT_RUNNER]:  [93mCalling before_run config hook[0m

-----------------NEW RUN [193 / 260]-----------------

[EXPERIMENT_RUNNER]:  [93mCalling start_run config hook[0m
[ww 11:12:59] run run_0_repetition_7: {'model': 'llama', 'engine': 'vllm', 'profile': 'api', 'context': 'small'}
[ww 11:15:00] vllm ready in 116.1 s; warm-up 60 s
[EXPERIMENT_RUNNER]:  [93m... Starting measurement ...[0m
[EXPERIMENT_RUNNER]:  [93mCalling interaction config hook[0m
[ww 11:16:12] measured phase: 184 units at concurrency 8
[EXPERIMENT_RUNNER]:  [92m... Run completed ...[0m
[EXPERIMENT_RUNNER]:  [93m... Stopping measurement ...[0m
[EXPERIMENT_RUNNER]:  [93mCalling stop_run config hook[0m
[EXPERIMENT_RUNNER]:  [93mCalling populate_run_data config hook[0m
[ww 11:25:00] result: valid=1  E_tok=0.354929 J/tok window=217.87 s
[EXPERIMENT_RUNNER]:  [93mCSVManager: Updated row run_0_repetition_7[0m
[EXPERIMENT_RUNNER]:  [93mCalling before_run config hook[0m

-----------------NEW RUN [194 / 260]-----------------

[EXPERIMENT_RUNNER]:  [93mCalling start_run config hook[0m
[ww 11:25:00] run run_25_repetition_7: {'model': 'qwen', 'engine': 'sglang', 'profile': 'agentic', 'context': 'large'}
[ww 11:27:49] sglang ready in 163.1 s; warm-up 60 s
[EXPERIMENT_RUNNER]:  [93m... Starting measurement ...[0m
[EXPERIMENT_RUNNER]:  [93mCalling interaction config hook[0m
[ww 11:28:57] measured phase: 144 units at concurrency 8
[EXPERIMENT_RUNNER]:  [92m... Run completed ...[0m
[EXPERIMENT_RUNNER]:  [93m... Stopping measurement ...[0m
[EXPERIMENT_RUNNER]:  [93mCalling stop_run config hook[0m
[EXPERIMENT_RUNNER]:  [93mCalling populate_run_data config hook[0m
[ww 11:37:50] result: valid=1  E_tok=0.587539 J/tok window=217.927 s
[EXPERIMENT_RUNNER]:  [93mCSVManager: Updated row run_25_repetition_7[0m
[EXPERIMENT_RUNNER]:  [93mCalling before_run config hook[0m

-----------------NEW RUN [195 / 260]-----------------

[EXPERIMENT_RUNNER]:  [93mCalling start_run config hook[0m
[ww 11:37:50] run run_6_repetition_7: {'model': 'llama', 'engine': 'vllm', 'profile': 'agentic', 'context': 'small'}
[ww 11:40:02] vllm ready in 127.09 s; warm-up 60 s
[EXPERIMENT_RUNNER]:  [93m... Starting measurement ...[0m
[EXPERIMENT_RUNNER]:  [93mCalling interaction config hook[0m
[ww 11:41:18] measured phase: 192 units at concurrency 8
[EXPERIMENT_RUNNER]:  [92m... Run completed ...[0m
[EXPERIMENT_RUNNER]:  [93m... Stopping measurement ...[0m
[EXPERIMENT_RUNNER]:  [93mCalling stop_run config hook[0m
[EXPERIMENT_RUNNER]:  [93mCalling populate_run_data config hook[0m
[ww 11:50:02] result: valid=1  E_tok=0.303781 J/tok window=212.743 s
[EXPERIMENT_RUNNER]:  [93mCSVManager: Updated row run_6_repetition_7[0m
[EXPERIMENT_RUNNER]:  [93mCalling before_run config hook[0m

-----------------NEW RUN [196 / 260]-----------------

[EXPERIMENT_RUNNER]:  [93mCalling start_run config hook[0m
[ww 11:50:02] run run_13_repetition_7: {'model': 'llama', 'engine': 'sglang', 'profile': 'chat', 'context': 'medium'}
[ww 11:52:45] sglang ready in 158.12 s; warm-up 60 s
[EXPERIMENT_RUNNER]:  [93m... Starting measurement ...[0m
[EXPERIMENT_RUNNER]:  [93mCalling interaction config hook[0m
[ww 11:54:15] measured phase: 40 units at concurrency 8
[EXPERIMENT_RUNNER]:  [92m... Run completed ...[0m
[EXPERIMENT_RUNNER]:  [93m... Stopping measurement ...[0m
[EXPERIMENT_RUNNER]:  [93mCalling stop_run config hook[0m
[EXPERIMENT_RUNNER]:  [93mCalling populate_run_data config hook[0m
[ww 12:03:03] result: valid=1  E_tok=0.378836 J/tok window=212.519 s
[EXPERIMENT_RUNNER]:  [93mCSVManager: Updated row run_13_repetition_7[0m
[EXPERIMENT_RUNNER]:  [93mCalling before_run config hook[0m

-----------------NEW RUN [197 / 260]-----------------

[EXPERIMENT_RUNNER]:  [93mCalling start_run config hook[0m
[ww 12:03:03] run run_12_repetition_7: {'model': 'llama', 'engine': 'sglang', 'profile': 'chat', 'context': 'small'}
[ww 12:06:07] sglang ready in 178.12 s; warm-up 60 s
[EXPERIMENT_RUNNER]:  [93m... Starting measurement ...[0m
[EXPERIMENT_RUNNER]:  [93mCalling interaction config hook[0m
[ww 12:07:25] measured phase: 48 units at concurrency 8
[EXPERIMENT_RUNNER]:  [92m... Run completed ...[0m
[EXPERIMENT_RUNNER]:  [93m... Stopping measurement ...[0m
[EXPERIMENT_RUNNER]:  [93mCalling stop_run config hook[0m
[EXPERIMENT_RUNNER]:  [93mCalling populate_run_data config hook[0m
[ww 12:16:19] result: valid=1  E_tok=0.30864 J/tok window=219.575 s
[EXPERIMENT_RUNNER]:  [93mCSVManager: Updated row run_12_repetition_7[0m
[EXPERIMENT_RUNNER]:  [93mCalling before_run config hook[0m

-----------------NEW RUN [198 / 260]-----------------

[EXPERIMENT_RUNNER]:  [93mCalling start_run config hook[0m
[ww 12:16:19] run run_23_repetition_7: {'model': 'qwen', 'engine': 'sglang', 'profile': 'api', 'context': 'large'}
[ww 12:19:09] sglang ready in 165.11 s; warm-up 60 s
[EXPERIMENT_RUNNER]:  [93m... Starting measurement ...[0m
[EXPERIMENT_RUNNER]:  [93mCalling interaction config hook[0m
[ww 12:20:23] measured phase: 80 units at concurrency 8
[EXPERIMENT_RUNNER]:  [92m... Run completed ...[0m
[EXPERIMENT_RUNNER]:  [93m... Stopping measurement ...[0m
[EXPERIMENT_RUNNER]:  [93mCalling stop_run config hook[0m
[EXPERIMENT_RUNNER]:  [93mCalling populate_run_data config hook[0m
[ww 12:29:26] result: valid=1  E_tok=1.460641 J/tok window=228.738 s
[EXPERIMENT_RUNNER]:  [93mCSVManager: Updated row run_23_repetition_7[0m
[EXPERIMENT_RUNNER]:  [93mCalling before_run config hook[0m

-----------------NEW RUN [199 / 260]-----------------

[EXPERIMENT_RUNNER]:  [93mCalling start_run config hook[0m
[ww 12:29:26] run run_7_repetition_7: {'model': 'llama', 'engine': 'vllm', 'profile': 'agentic', 'context': 'medium'}
[ww 12:31:50] vllm ready in 139.11 s; warm-up 60 s
[EXPERIMENT_RUNNER]:  [93m... Starting measurement ...[0m
[EXPERIMENT_RUNNER]:  [93mCalling interaction config hook[0m
[ww 12:33:04] measured phase: 176 units at concurrency 8
[EXPERIMENT_RUNNER]:  [92m... Run completed ...[0m
[EXPERIMENT_RUNNER]:  [93m... Stopping measurement ...[0m
[EXPERIMENT_RUNNER]:  [93mCalling stop_run config hook[0m
[EXPERIMENT_RUNNER]:  [93mCalling populate_run_data config hook[0m
[ww 12:41:48] result: valid=1  E_tok=0.369115 J/tok window=216.102 s
[EXPERIMENT_RUNNER]:  [93mCSVManager: Updated row run_7_repetition_7[0m
[EXPERIMENT_RUNNER]:  [93mCalling before_run config hook[0m

-----------------NEW RUN [200 / 260]-----------------

[EXPERIMENT_RUNNER]:  [93mCalling start_run config hook[0m
[ww 12:41:48] run run_17_repetition_7: {'model': 'llama', 'engine': 'sglang', 'profile': 'agentic', 'context': 'large'}
[ww 12:44:46] sglang ready in 173.12 s; warm-up 60 s
[EXPERIMENT_RUNNER]:  [93m... Starting measurement ...[0m
[EXPERIMENT_RUNNER]:  [93mCalling interaction config hook[0m
[ww 12:46:05] measured phase: 120 units at concurrency 8
[EXPERIMENT_RUNNER]:  [92m... Run completed ...[0m
[EXPERIMENT_RUNNER]:  [93m... Stopping measurement ...[0m
[EXPERIMENT_RUNNER]:  [93mCalling stop_run config hook[0m
[EXPERIMENT_RUNNER]:  [93mCalling populate_run_data config hook[0m
[ww 12:54:48] result: valid=1  E_tok=0.657829 J/tok window=215.289 s
[EXPERIMENT_RUNNER]:  [93mCSVManager: Updated row run_17_repetition_7[0m
[EXPERIMENT_RUNNER]:  [93mCalling before_run config hook[0m

-----------------NEW RUN [201 / 260]-----------------

[EXPERIMENT_RUNNER]:  [93mCalling start_run config hook[0m
[ww 12:54:48] run run_4_repetition_7: {'model': 'llama', 'engine': 'vllm', 'profile': 'chat', 'context': 'medium'}
[ww 12:56:47] vllm ready in 114.1 s; warm-up 60 s
[EXPERIMENT_RUNNER]:  [93m... Starting measurement ...[0m
[EXPERIMENT_RUNNER]:  [93mCalling interaction config hook[0m
[ww 12:58:17] measured phase: 40 units at concurrency 8
[EXPERIMENT_RUNNER]:  [92m... Run completed ...[0m
[EXPERIMENT_RUNNER]:  [93m... Stopping measurement ...[0m
[EXPERIMENT_RUNNER]:  [93mCalling stop_run config hook[0m
[EXPERIMENT_RUNNER]:  [93mCalling populate_run_data config hook[0m
[ww 13:07:01] result: valid=1  E_tok=0.40845 J/tok window=213.451 s
[EXPERIMENT_RUNNER]:  [93mCSVManager: Updated row run_4_repetition_7[0m
[EXPERIMENT_RUNNER]:  [93mCalling before_run config hook[0m

-----------------NEW RUN [202 / 260]-----------------

[EXPERIMENT_RUNNER]:  [93mCalling start_run config hook[0m
[ww 13:07:01] run run_18_repetition_7: {'model': 'qwen', 'engine': 'vllm', 'profile': 'api', 'context': 'small'}
[ww 13:08:52] vllm ready in 106.09 s; warm-up 60 s
[EXPERIMENT_RUNNER]:  [93m... Starting measurement ...[0m
[EXPERIMENT_RUNNER]:  [93mCalling interaction config hook[0m
[ww 13:10:08] measured phase: 192 units at concurrency 8
[EXPERIMENT_RUNNER]:  [92m... Run completed ...[0m
[EXPERIMENT_RUNNER]:  [93m... Stopping measurement ...[0m
[EXPERIMENT_RUNNER]:  [93mCalling stop_run config hook[0m
[EXPERIMENT_RUNNER]:  [93mCalling populate_run_data config hook[0m
[ww 13:18:46] result: valid=1  E_tok=0.307276 J/tok window=210.137 s
[EXPERIMENT_RUNNER]:  [93mCSVManager: Updated row run_18_repetition_7[0m
[EXPERIMENT_RUNNER]:  [93mCalling before_run config hook[0m

-----------------NEW RUN [203 / 260]-----------------

[EXPERIMENT_RUNNER]:  [93mCalling start_run config hook[0m
[ww 13:18:46] run run_15_repetition_7: {'model': 'llama', 'engine': 'sglang', 'profile': 'agentic', 'context': 'small'}
[ww 13:21:30] sglang ready in 159.12 s; warm-up 60 s
[EXPERIMENT_RUNNER]:  [93m... Starting measurement ...[0m
[EXPERIMENT_RUNNER]:  [93mCalling interaction config hook[0m
[ww 13:22:47] measured phase: 192 units at concurrency 8
[EXPERIMENT_RUNNER]:  [92m... Run completed ...[0m
[EXPERIMENT_RUNNER]:  [93m... Stopping measurement ...[0m
[EXPERIMENT_RUNNER]:  [93mCalling stop_run config hook[0m
[EXPERIMENT_RUNNER]:  [93mCalling populate_run_data config hook[0m
[ww 13:31:26] result: valid=1  E_tok=0.300445 J/tok window=207.538 s
[EXPERIMENT_RUNNER]:  [93mCSVManager: Updated row run_15_repetition_7[0m
[EXPERIMENT_RUNNER]:  [93mCalling before_run config hook[0m

-----------------NEW RUN [204 / 260]-----------------

[EXPERIMENT_RUNNER]:  [93mCalling start_run config hook[0m
[ww 13:31:26] run run_8_repetition_7: {'model': 'llama', 'engine': 'vllm', 'profile': 'agentic', 'context': 'large'}
[ww 13:33:53] vllm ready in 142.09 s; warm-up 60 s
[EXPERIMENT_RUNNER]:  [93m... Starting measurement ...[0m
[EXPERIMENT_RUNNER]:  [93mCalling interaction config hook[0m
[ww 13:35:03] measured phase: 120 units at concurrency 8
[EXPERIMENT_RUNNER]:  [92m... Run completed ...[0m
[EXPERIMENT_RUNNER]:  [93m... Stopping measurement ...[0m
[EXPERIMENT_RUNNER]:  [93mCalling stop_run config hook[0m
[EXPERIMENT_RUNNER]:  [93mCalling populate_run_data config hook[0m
[ww 13:44:12] result: valid=1  E_tok=0.829197 J/tok window=238.193 s
[EXPERIMENT_RUNNER]:  [93mCSVManager: Updated row run_8_repetition_7[0m
[EXPERIMENT_RUNNER]:  [93mCalling before_run config hook[0m

-----------------NEW RUN [205 / 260]-----------------

[EXPERIMENT_RUNNER]:  [93mCalling start_run config hook[0m
[ww 13:44:12] run run_3_repetition_7: {'model': 'llama', 'engine': 'vllm', 'profile': 'chat', 'context': 'small'}
[ww 13:46:40] vllm ready in 143.08 s; warm-up 60 s
[EXPERIMENT_RUNNER]:  [93m... Starting measurement ...[0m
[EXPERIMENT_RUNNER]:  [93mCalling interaction config hook[0m
[ww 13:47:58] measured phase: 48 units at concurrency 8
[EXPERIMENT_RUNNER]:  [92m... Run completed ...[0m
[EXPERIMENT_RUNNER]:  [93m... Stopping measurement ...[0m
[EXPERIMENT_RUNNER]:  [93mCalling stop_run config hook[0m
[EXPERIMENT_RUNNER]:  [93mCalling populate_run_data config hook[0m
[ww 13:56:37] result: valid=1  E_tok=0.311991 J/tok window=212.502 s
[EXPERIMENT_RUNNER]:  [93mCSVManager: Updated row run_3_repetition_7[0m
[EXPERIMENT_RUNNER]:  [93mCalling before_run config hook[0m

-----------------NEW RUN [206 / 260]-----------------

[EXPERIMENT_RUNNER]:  [93mCalling start_run config hook[0m
[ww 13:56:37] run run_16_repetition_7: {'model': 'llama', 'engine': 'sglang', 'profile': 'agentic', 'context': 'medium'}
[ww 13:59:47] sglang ready in 185.1 s; warm-up 60 s
[EXPERIMENT_RUNNER]:  [93m... Starting measurement ...[0m
[EXPERIMENT_RUNNER]:  [93mCalling interaction config hook[0m
[ww 14:01:03] measured phase: 176 units at concurrency 8
[EXPERIMENT_RUNNER]:  [92m... Run completed ...[0m
[EXPERIMENT_RUNNER]:  [93m... Stopping measurement ...[0m
[EXPERIMENT_RUNNER]:  [93mCalling stop_run config hook[0m
[EXPERIMENT_RUNNER]:  [93mCalling populate_run_data config hook[0m
[ww 14:09:52] result: valid=1  E_tok=0.363838 J/tok window=216.143 s
[EXPERIMENT_RUNNER]:  [93mCSVManager: Updated row run_16_repetition_7[0m
[EXPERIMENT_RUNNER]:  [93mCalling before_run config hook[0m

-----------------NEW RUN [207 / 260]-----------------

[EXPERIMENT_RUNNER]:  [93mCalling start_run config hook[0m
[ww 14:09:52] run run_5_repetition_7: {'model': 'llama', 'engine': 'vllm', 'profile': 'chat', 'context': 'large'}
[ww 14:12:04] vllm ready in 127.07 s; warm-up 60 s
[EXPERIMENT_RUNNER]:  [93m... Starting measurement ...[0m
[EXPERIMENT_RUNNER]:  [93mCalling interaction config hook[0m
[ww 14:13:19] measured phase: 32 units at concurrency 8
[EXPERIMENT_RUNNER]:  [92m... Run completed ...[0m
[EXPERIMENT_RUNNER]:  [93m... Stopping measurement ...[0m
[EXPERIMENT_RUNNER]:  [93mCalling stop_run config hook[0m
[EXPERIMENT_RUNNER]:  [93mCalling populate_run_data config hook[0m
[ww 14:22:59] result: valid=1  E_tok=0.768144 J/tok window=273.04 s
[EXPERIMENT_RUNNER]:  [93mCSVManager: Updated row run_5_repetition_7[0m
[EXPERIMENT_RUNNER]:  [93mCalling before_run config hook[0m

-----------------NEW RUN [208 / 260]-----------------

[EXPERIMENT_RUNNER]:  [93mCalling start_run config hook[0m
[ww 14:22:59] run run_14_repetition_7: {'model': 'llama', 'engine': 'sglang', 'profile': 'chat', 'context': 'large'}
[ww 14:25:49] sglang ready in 165.1 s; warm-up 60 s
[EXPERIMENT_RUNNER]:  [93m... Starting measurement ...[0m
[EXPERIMENT_RUNNER]:  [93mCalling interaction config hook[0m
[ww 14:27:02] measured phase: 32 units at concurrency 8
[EXPERIMENT_RUNNER]:  [92m... Run completed ...[0m
[EXPERIMENT_RUNNER]:  [93m... Stopping measurement ...[0m
[EXPERIMENT_RUNNER]:  [93mCalling stop_run config hook[0m
[EXPERIMENT_RUNNER]:  [93mCalling populate_run_data config hook[0m
[ww 14:36:41] result: valid=1  E_tok=0.762525 J/tok window=263.004 s
[EXPERIMENT_RUNNER]:  [93mCSVManager: Updated row run_14_repetition_7[0m
[EXPERIMENT_RUNNER]:  [93mCalling before_run config hook[0m

-----------------NEW RUN [209 / 260]-----------------

[EXPERIMENT_RUNNER]:  [93mCalling start_run config hook[0m
[ww 14:36:41] run run_18_repetition_8: {'model': 'qwen', 'engine': 'vllm', 'profile': 'api', 'context': 'small'}
[ww 14:38:52] vllm ready in 126.08 s; warm-up 60 s
[EXPERIMENT_RUNNER]:  [93m... Starting measurement ...[0m
[EXPERIMENT_RUNNER]:  [93mCalling interaction config hook[0m
[ww 14:40:07] measured phase: 192 units at concurrency 8
[EXPERIMENT_RUNNER]:  [92m... Run completed ...[0m
[EXPERIMENT_RUNNER]:  [93m... Stopping measurement ...[0m
[EXPERIMENT_RUNNER]:  [93mCalling stop_run config hook[0m
[EXPERIMENT_RUNNER]:  [93mCalling populate_run_data config hook[0m
[ww 14:48:46] result: valid=1  E_tok=0.334068 J/tok window=209.956 s
[EXPERIMENT_RUNNER]:  [93mCSVManager: Updated row run_18_repetition_8[0m
[EXPERIMENT_RUNNER]:  [93mCalling before_run config hook[0m

-----------------NEW RUN [210 / 260]-----------------

[EXPERIMENT_RUNNER]:  [93mCalling start_run config hook[0m
[ww 14:48:46] run run_5_repetition_8: {'model': 'llama', 'engine': 'vllm', 'profile': 'chat', 'context': 'large'}
[ww 14:51:14] vllm ready in 143.1 s; warm-up 60 s
[EXPERIMENT_RUNNER]:  [93m... Starting measurement ...[0m
[EXPERIMENT_RUNNER]:  [93mCalling interaction config hook[0m
[ww 14:52:30] measured phase: 32 units at concurrency 8
[EXPERIMENT_RUNNER]:  [92m... Run completed ...[0m
[EXPERIMENT_RUNNER]:  [93m... Stopping measurement ...[0m
[EXPERIMENT_RUNNER]:  [93mCalling stop_run config hook[0m
[EXPERIMENT_RUNNER]:  [93mCalling populate_run_data config hook[0m
[ww 15:02:14] result: valid=1  E_tok=0.813425 J/tok window=274.1 s
[EXPERIMENT_RUNNER]:  [93mCSVManager: Updated row run_5_repetition_8[0m
[EXPERIMENT_RUNNER]:  [93mCalling before_run config hook[0m

-----------------NEW RUN [211 / 260]-----------------

[EXPERIMENT_RUNNER]:  [93mCalling start_run config hook[0m
[ww 15:02:14] run run_8_repetition_8: {'model': 'llama', 'engine': 'vllm', 'profile': 'agentic', 'context': 'large'}
[ww 15:04:34] vllm ready in 135.13 s; warm-up 60 s
[EXPERIMENT_RUNNER]:  [93m... Starting measurement ...[0m
[EXPERIMENT_RUNNER]:  [93mCalling interaction config hook[0m
[ww 15:05:45] measured phase: 120 units at concurrency 8
[EXPERIMENT_RUNNER]:  [92m... Run completed ...[0m
[EXPERIMENT_RUNNER]:  [93m... Stopping measurement ...[0m
[EXPERIMENT_RUNNER]:  [93mCalling stop_run config hook[0m
[EXPERIMENT_RUNNER]:  [93mCalling populate_run_data config hook[0m
[ww 15:14:54] result: valid=1  E_tok=0.749438 J/tok window=238.504 s
[EXPERIMENT_RUNNER]:  [93mCSVManager: Updated row run_8_repetition_8[0m
[EXPERIMENT_RUNNER]:  [93mCalling before_run config hook[0m

-----------------NEW RUN [212 / 260]-----------------

[EXPERIMENT_RUNNER]:  [93mCalling start_run config hook[0m
[ww 15:14:54] run run_22_repetition_8: {'model': 'qwen', 'engine': 'sglang', 'profile': 'api', 'context': 'small'}
[ww 15:17:34] sglang ready in 155.12 s; warm-up 60 s
[EXPERIMENT_RUNNER]:  [93m... Starting measurement ...[0m
[EXPERIMENT_RUNNER]:  [93mCalling interaction config hook[0m
[ww 15:18:49] measured phase: 192 units at concurrency 8
[EXPERIMENT_RUNNER]:  [92m... Run completed ...[0m
[EXPERIMENT_RUNNER]:  [93m... Stopping measurement ...[0m
[EXPERIMENT_RUNNER]:  [93mCalling stop_run config hook[0m
[EXPERIMENT_RUNNER]:  [93mCalling populate_run_data config hook[0m
[ww 15:27:33] result: valid=1  E_tok=0.319491 J/tok window=211.266 s
[EXPERIMENT_RUNNER]:  [93mCSVManager: Updated row run_22_repetition_8[0m
[EXPERIMENT_RUNNER]:  [93mCalling before_run config hook[0m

-----------------NEW RUN [213 / 260]-----------------

[EXPERIMENT_RUNNER]:  [93mCalling start_run config hook[0m
[ww 15:27:33] run run_4_repetition_8: {'model': 'llama', 'engine': 'vllm', 'profile': 'chat', 'context': 'medium'}
[ww 15:29:33] vllm ready in 115.1 s; warm-up 60 s
[EXPERIMENT_RUNNER]:  [93m... Starting measurement ...[0m
[EXPERIMENT_RUNNER]:  [93mCalling interaction config hook[0m
[ww 15:31:03] measured phase: 40 units at concurrency 8
[EXPERIMENT_RUNNER]:  [92m... Run completed ...[0m
[EXPERIMENT_RUNNER]:  [93m... Stopping measurement ...[0m
[EXPERIMENT_RUNNER]:  [93mCalling stop_run config hook[0m
[EXPERIMENT_RUNNER]:  [93mCalling populate_run_data config hook[0m
[ww 15:39:47] result: valid=1  E_tok=0.414897 J/tok window=212.76 s
[EXPERIMENT_RUNNER]:  [93mCSVManager: Updated row run_4_repetition_8[0m
[EXPERIMENT_RUNNER]:  [93mCalling before_run config hook[0m

-----------------NEW RUN [214 / 260]-----------------

[EXPERIMENT_RUNNER]:  [93mCalling start_run config hook[0m
[ww 15:39:47] run run_10_repetition_8: {'model': 'llama', 'engine': 'sglang', 'profile': 'api', 'context': 'medium'}
[ww 15:42:52] sglang ready in 180.15 s; warm-up 60 s
[EXPERIMENT_RUNNER]:  [93m... Starting measurement ...[0m
[EXPERIMENT_RUNNER]:  [93mCalling interaction config hook[0m
[ww 15:44:02] measured phase: 136 units at concurrency 8
[EXPERIMENT_RUNNER]:  [92m... Run completed ...[0m
[EXPERIMENT_RUNNER]:  [93m... Stopping measurement ...[0m
[EXPERIMENT_RUNNER]:  [93mCalling stop_run config hook[0m
[EXPERIMENT_RUNNER]:  [93mCalling populate_run_data config hook[0m
[ww 15:52:55] result: valid=1  E_tok=0.604334 J/tok window=217.893 s
[EXPERIMENT_RUNNER]:  [93mCSVManager: Updated row run_10_repetition_8[0m
[EXPERIMENT_RUNNER]:  [93mCalling before_run config hook[0m

-----------------NEW RUN [215 / 260]-----------------

[EXPERIMENT_RUNNER]:  [93mCalling start_run config hook[0m
[ww 15:52:55] run run_19_repetition_8: {'model': 'qwen', 'engine': 'vllm', 'profile': 'api', 'context': 'large'}
[ww 15:54:46] vllm ready in 106.09 s; warm-up 60 s
[EXPERIMENT_RUNNER]:  [93m... Starting measurement ...[0m
[EXPERIMENT_RUNNER]:  [93mCalling interaction config hook[0m
[ww 15:56:03] measured phase: 80 units at concurrency 8
[EXPERIMENT_RUNNER]:  [92m... Run completed ...[0m
[EXPERIMENT_RUNNER]:  [93m... Stopping measurement ...[0m
[EXPERIMENT_RUNNER]:  [93mCalling stop_run config hook[0m
[EXPERIMENT_RUNNER]:  [93mCalling populate_run_data config hook[0m
[ww 16:05:11] result: valid=1  E_tok=1.488674 J/tok window=237.982 s
[EXPERIMENT_RUNNER]:  [93mCSVManager: Updated row run_19_repetition_8[0m
[EXPERIMENT_RUNNER]:  [93mCalling before_run config hook[0m

-----------------NEW RUN [216 / 260]-----------------

[EXPERIMENT_RUNNER]:  [93mCalling start_run config hook[0m
[ww 16:05:11] run run_2_repetition_8: {'model': 'llama', 'engine': 'vllm', 'profile': 'api', 'context': 'large'}
[ww 16:07:37] vllm ready in 141.09 s; warm-up 60 s
[EXPERIMENT_RUNNER]:  [93m... Starting measurement ...[0m
[EXPERIMENT_RUNNER]:  [93mCalling interaction config hook[0m
[ww 16:08:57] measured phase: 64 units at concurrency 8
[EXPERIMENT_RUNNER]:  [92m... Run completed ...[0m
[EXPERIMENT_RUNNER]:  [93m... Stopping measurement ...[0m
[EXPERIMENT_RUNNER]:  [93mCalling stop_run config hook[0m
[EXPERIMENT_RUNNER]:  [93mCalling populate_run_data config hook[0m
[ww 16:18:05] result: valid=1  E_tok=1.81111 J/tok window=238.418 s
[EXPERIMENT_RUNNER]:  [93mCSVManager: Updated row run_2_repetition_8[0m
[EXPERIMENT_RUNNER]:  [93mCalling before_run config hook[0m

-----------------NEW RUN [217 / 260]-----------------

[EXPERIMENT_RUNNER]:  [93mCalling start_run config hook[0m
[ww 16:18:05] run run_14_repetition_8: {'model': 'llama', 'engine': 'sglang', 'profile': 'chat', 'context': 'large'}
[ww 16:20:55] sglang ready in 164.11 s; warm-up 60 s
[EXPERIMENT_RUNNER]:  [93m... Starting measurement ...[0m
[EXPERIMENT_RUNNER]:  [93mCalling interaction config hook[0m
[ww 16:22:07] measured phase: 32 units at concurrency 8
[EXPERIMENT_RUNNER]:  [92m... Run completed ...[0m
[EXPERIMENT_RUNNER]:  [93m... Stopping measurement ...[0m
[EXPERIMENT_RUNNER]:  [93mCalling stop_run config hook[0m
[EXPERIMENT_RUNNER]:  [93mCalling populate_run_data config hook[0m
[ww 16:31:41] result: valid=1  E_tok=0.68686 J/tok window=261.428 s
[EXPERIMENT_RUNNER]:  [93mCSVManager: Updated row run_14_repetition_8[0m
[EXPERIMENT_RUNNER]:  [93mCalling before_run config hook[0m

-----------------NEW RUN [218 / 260]-----------------

[EXPERIMENT_RUNNER]:  [93mCalling start_run config hook[0m
[ww 16:31:41] run run_21_repetition_8: {'model': 'qwen', 'engine': 'vllm', 'profile': 'agentic', 'context': 'large'}
[ww 16:33:59] vllm ready in 133.08 s; warm-up 60 s
[EXPERIMENT_RUNNER]:  [93m... Starting measurement ...[0m
[EXPERIMENT_RUNNER]:  [93mCalling interaction config hook[0m
[ww 16:35:09] measured phase: 144 units at concurrency 8
[EXPERIMENT_RUNNER]:  [92m... Run completed ...[0m
[EXPERIMENT_RUNNER]:  [93m... Stopping measurement ...[0m
[EXPERIMENT_RUNNER]:  [93mCalling stop_run config hook[0m
[EXPERIMENT_RUNNER]:  [93mCalling populate_run_data config hook[0m
[ww 16:44:07] result: valid=1  E_tok=0.673799 J/tok window=227.37 s
[EXPERIMENT_RUNNER]:  [93mCSVManager: Updated row run_21_repetition_8[0m
[EXPERIMENT_RUNNER]:  [93mCalling before_run config hook[0m

-----------------NEW RUN [219 / 260]-----------------

[EXPERIMENT_RUNNER]:  [93mCalling start_run config hook[0m
[ww 16:44:07] run run_1_repetition_8: {'model': 'llama', 'engine': 'vllm', 'profile': 'api', 'context': 'medium'}
[ww 16:46:33] vllm ready in 141.08 s; warm-up 60 s
[EXPERIMENT_RUNNER]:  [93m... Starting measurement ...[0m
[EXPERIMENT_RUNNER]:  [93mCalling interaction config hook[0m
[ww 16:47:44] measured phase: 136 units at concurrency 8
[EXPERIMENT_RUNNER]:  [92m... Run completed ...[0m
[EXPERIMENT_RUNNER]:  [93m... Stopping measurement ...[0m
[EXPERIMENT_RUNNER]:  [93mCalling stop_run config hook[0m
[EXPERIMENT_RUNNER]:  [93mCalling populate_run_data config hook[0m
[ww 16:56:38] result: valid=1  E_tok=0.567644 J/tok window=223.038 s
[EXPERIMENT_RUNNER]:  [93mCSVManager: Updated row run_1_repetition_8[0m
[EXPERIMENT_RUNNER]:  [93mCalling before_run config hook[0m

-----------------NEW RUN [220 / 260]-----------------

[EXPERIMENT_RUNNER]:  [93mCalling start_run config hook[0m
[ww 16:56:38] run run_7_repetition_8: {'model': 'llama', 'engine': 'vllm', 'profile': 'agentic', 'context': 'medium'}
[ww 16:58:42] vllm ready in 119.09 s; warm-up 60 s
[EXPERIMENT_RUNNER]:  [93m... Starting measurement ...[0m
[EXPERIMENT_RUNNER]:  [93mCalling interaction config hook[0m
[ww 16:59:56] measured phase: 176 units at concurrency 8
[EXPERIMENT_RUNNER]:  [92m... Run completed ...[0m
[EXPERIMENT_RUNNER]:  [93m... Stopping measurement ...[0m
[EXPERIMENT_RUNNER]:  [93mCalling stop_run config hook[0m
[EXPERIMENT_RUNNER]:  [93mCalling populate_run_data config hook[0m
[ww 17:08:40] result: valid=1  E_tok=0.352547 J/tok window=216.03 s
[EXPERIMENT_RUNNER]:  [93mCSVManager: Updated row run_7_repetition_8[0m
[EXPERIMENT_RUNNER]:  [93mCalling before_run config hook[0m

-----------------NEW RUN [221 / 260]-----------------

[EXPERIMENT_RUNNER]:  [93mCalling start_run config hook[0m
[ww 17:08:40] run run_0_repetition_8: {'model': 'llama', 'engine': 'vllm', 'profile': 'api', 'context': 'small'}
[ww 17:10:46] vllm ready in 121.08 s; warm-up 60 s
[EXPERIMENT_RUNNER]:  [93m... Starting measurement ...[0m
[EXPERIMENT_RUNNER]:  [93mCalling interaction config hook[0m
[ww 17:11:58] measured phase: 184 units at concurrency 8
[EXPERIMENT_RUNNER]:  [92m... Run completed ...[0m
[EXPERIMENT_RUNNER]:  [93m... Stopping measurement ...[0m
[EXPERIMENT_RUNNER]:  [93mCalling stop_run config hook[0m
[EXPERIMENT_RUNNER]:  [93mCalling populate_run_data config hook[0m
[ww 17:20:42] result: valid=1  E_tok=0.329463 J/tok window=214.514 s
[EXPERIMENT_RUNNER]:  [93mCSVManager: Updated row run_0_repetition_8[0m
[EXPERIMENT_RUNNER]:  [93mCalling before_run config hook[0m

-----------------NEW RUN [222 / 260]-----------------

[EXPERIMENT_RUNNER]:  [93mCalling start_run config hook[0m
[ww 17:20:42] run run_11_repetition_8: {'model': 'llama', 'engine': 'sglang', 'profile': 'api', 'context': 'large'}
[ww 17:23:43] sglang ready in 176.15 s; warm-up 60 s
[EXPERIMENT_RUNNER]:  [93m... Starting measurement ...[0m
[EXPERIMENT_RUNNER]:  [93mCalling interaction config hook[0m
[ww 17:25:10] measured phase: 64 units at concurrency 8
[EXPERIMENT_RUNNER]:  [92m... Run completed ...[0m
[EXPERIMENT_RUNNER]:  [93m... Stopping measurement ...[0m
[EXPERIMENT_RUNNER]:  [93mCalling stop_run config hook[0m
[EXPERIMENT_RUNNER]:  [93mCalling populate_run_data config hook[0m
[ww 17:34:03] result: valid=1  E_tok=1.708173 J/tok window=219.541 s
[EXPERIMENT_RUNNER]:  [93mCSVManager: Updated row run_11_repetition_8[0m
[EXPERIMENT_RUNNER]:  [93mCalling before_run config hook[0m

-----------------NEW RUN [223 / 260]-----------------

[EXPERIMENT_RUNNER]:  [93mCalling start_run config hook[0m
[ww 17:34:03] run run_20_repetition_8: {'model': 'qwen', 'engine': 'vllm', 'profile': 'agentic', 'context': 'small'}
[ww 17:36:17] vllm ready in 129.08 s; warm-up 60 s
[EXPERIMENT_RUNNER]:  [93m... Starting measurement ...[0m
[EXPERIMENT_RUNNER]:  [93mCalling interaction config hook[0m
[ww 17:37:28] measured phase: 208 units at concurrency 8
[EXPERIMENT_RUNNER]:  [92m... Run completed ...[0m
[EXPERIMENT_RUNNER]:  [93m... Stopping measurement ...[0m
[EXPERIMENT_RUNNER]:  [93mCalling stop_run config hook[0m
[EXPERIMENT_RUNNER]:  [93mCalling populate_run_data config hook[0m
[ww 17:46:12] result: valid=1  E_tok=0.302095 J/tok window=213.085 s
[EXPERIMENT_RUNNER]:  [93mCSVManager: Updated row run_20_repetition_8[0m
[EXPERIMENT_RUNNER]:  [93mCalling before_run config hook[0m

-----------------NEW RUN [224 / 260]-----------------

[EXPERIMENT_RUNNER]:  [93mCalling start_run config hook[0m
[ww 17:46:12] run run_25_repetition_8: {'model': 'qwen', 'engine': 'sglang', 'profile': 'agentic', 'context': 'large'}
[ww 17:48:59] sglang ready in 162.15 s; warm-up 60 s
[EXPERIMENT_RUNNER]:  [93m... Starting measurement ...[0m
[EXPERIMENT_RUNNER]:  [93mCalling interaction config hook[0m
[ww 17:50:08] measured phase: 144 units at concurrency 8
[EXPERIMENT_RUNNER]:  [92m... Run completed ...[0m
[EXPERIMENT_RUNNER]:  [93m... Stopping measurement ...[0m
[EXPERIMENT_RUNNER]:  [93mCalling stop_run config hook[0m
[EXPERIMENT_RUNNER]:  [93mCalling populate_run_data config hook[0m
[ww 17:58:56] result: valid=1  E_tok=0.598001 J/tok window=218.817 s
[EXPERIMENT_RUNNER]:  [93mCSVManager: Updated row run_25_repetition_8[0m
[EXPERIMENT_RUNNER]:  [93mCalling before_run config hook[0m

-----------------NEW RUN [225 / 260]-----------------

[EXPERIMENT_RUNNER]:  [93mCalling start_run config hook[0m
[ww 17:58:56] run run_23_repetition_8: {'model': 'qwen', 'engine': 'sglang', 'profile': 'api', 'context': 'large'}
[ww 18:01:24] sglang ready in 142.13 s; warm-up 60 s
[EXPERIMENT_RUNNER]:  [93m... Starting measurement ...[0m
[EXPERIMENT_RUNNER]:  [93mCalling interaction config hook[0m
[ww 18:02:37] measured phase: 80 units at concurrency 8
[EXPERIMENT_RUNNER]:  [92m... Run completed ...[0m
[EXPERIMENT_RUNNER]:  [93m... Stopping measurement ...[0m
[EXPERIMENT_RUNNER]:  [93mCalling stop_run config hook[0m
[EXPERIMENT_RUNNER]:  [93mCalling populate_run_data config hook[0m
[ww 18:11:40] result: valid=1  E_tok=1.496981 J/tok window=228.774 s
[EXPERIMENT_RUNNER]:  [93mCSVManager: Updated row run_23_repetition_8[0m
[EXPERIMENT_RUNNER]:  [93mCalling before_run config hook[0m

-----------------NEW RUN [226 / 260]-----------------

[EXPERIMENT_RUNNER]:  [93mCalling start_run config hook[0m
[ww 18:11:40] run run_15_repetition_8: {'model': 'llama', 'engine': 'sglang', 'profile': 'agentic', 'context': 'small'}
[ww 18:14:24] sglang ready in 158.12 s; warm-up 60 s
[EXPERIMENT_RUNNER]:  [93m... Starting measurement ...[0m
[EXPERIMENT_RUNNER]:  [93mCalling interaction config hook[0m
[ww 18:15:40] measured phase: 192 units at concurrency 8
[EXPERIMENT_RUNNER]:  [92m... Run completed ...[0m
[EXPERIMENT_RUNNER]:  [93m... Stopping measurement ...[0m
[EXPERIMENT_RUNNER]:  [93mCalling stop_run config hook[0m
[EXPERIMENT_RUNNER]:  [93mCalling populate_run_data config hook[0m
[ww 18:24:24] result: valid=1  E_tok=0.293575 J/tok window=211.749 s
[EXPERIMENT_RUNNER]:  [93mCSVManager: Updated row run_15_repetition_8[0m
[EXPERIMENT_RUNNER]:  [93mCalling before_run config hook[0m

-----------------NEW RUN [227 / 260]-----------------

[EXPERIMENT_RUNNER]:  [93mCalling start_run config hook[0m
[ww 18:24:24] run run_16_repetition_8: {'model': 'llama', 'engine': 'sglang', 'profile': 'agentic', 'context': 'medium'}
[ww 18:27:33] sglang ready in 184.12 s; warm-up 60 s
[EXPERIMENT_RUNNER]:  [93m... Starting measurement ...[0m
[EXPERIMENT_RUNNER]:  [93mCalling interaction config hook[0m
[ww 18:28:49] measured phase: 176 units at concurrency 8
[EXPERIMENT_RUNNER]:  [92m... Run completed ...[0m
[EXPERIMENT_RUNNER]:  [93m... Stopping measurement ...[0m
[EXPERIMENT_RUNNER]:  [93mCalling stop_run config hook[0m
[EXPERIMENT_RUNNER]:  [93mCalling populate_run_data config hook[0m
[ww 18:37:37] result: valid=1  E_tok=0.367473 J/tok window=216.876 s
[EXPERIMENT_RUNNER]:  [93mCSVManager: Updated row run_16_repetition_8[0m
[EXPERIMENT_RUNNER]:  [93mCalling before_run config hook[0m

-----------------NEW RUN [228 / 260]-----------------

[EXPERIMENT_RUNNER]:  [93mCalling start_run config hook[0m
[ww 18:37:37] run run_17_repetition_8: {'model': 'llama', 'engine': 'sglang', 'profile': 'agentic', 'context': 'large'}
[ww 18:40:44] sglang ready in 182.13 s; warm-up 60 s
[EXPERIMENT_RUNNER]:  [93m... Starting measurement ...[0m
[EXPERIMENT_RUNNER]:  [93mCalling interaction config hook[0m
[ww 18:42:04] measured phase: 120 units at concurrency 8
[EXPERIMENT_RUNNER]:  [92m... Run completed ...[0m
[EXPERIMENT_RUNNER]:  [93m... Stopping measurement ...[0m
[EXPERIMENT_RUNNER]:  [93mCalling stop_run config hook[0m
[EXPERIMENT_RUNNER]:  [93mCalling populate_run_data config hook[0m
[ww 18:50:47] result: valid=1  E_tok=0.72441 J/tok window=215.621 s
[EXPERIMENT_RUNNER]:  [93mCSVManager: Updated row run_17_repetition_8[0m
[EXPERIMENT_RUNNER]:  [93mCalling before_run config hook[0m

-----------------NEW RUN [229 / 260]-----------------

[EXPERIMENT_RUNNER]:  [93mCalling start_run config hook[0m
[ww 18:50:47] run run_9_repetition_8: {'model': 'llama', 'engine': 'sglang', 'profile': 'api', 'context': 'small'}
[ww 18:53:45] sglang ready in 173.17 s; warm-up 60 s
[EXPERIMENT_RUNNER]:  [93m... Starting measurement ...[0m
[EXPERIMENT_RUNNER]:  [93mCalling interaction config hook[0m
[ww 18:54:58] measured phase: 184 units at concurrency 8
[EXPERIMENT_RUNNER]:  [92m... Run completed ...[0m
[EXPERIMENT_RUNNER]:  [93m... Stopping measurement ...[0m
[EXPERIMENT_RUNNER]:  [93mCalling stop_run config hook[0m
[EXPERIMENT_RUNNER]:  [93mCalling populate_run_data config hook[0m
[ww 19:03:51] result: valid=1  E_tok=0.326491 J/tok window=220.117 s
[EXPERIMENT_RUNNER]:  [93mCSVManager: Updated row run_9_repetition_8[0m
[EXPERIMENT_RUNNER]:  [93mCalling before_run config hook[0m

-----------------NEW RUN [230 / 260]-----------------

[EXPERIMENT_RUNNER]:  [93mCalling start_run config hook[0m
[ww 19:03:51] run run_24_repetition_8: {'model': 'qwen', 'engine': 'sglang', 'profile': 'agentic', 'context': 'small'}
[ww 19:06:39] sglang ready in 162.1 s; warm-up 60 s
[EXPERIMENT_RUNNER]:  [93m... Starting measurement ...[0m
[EXPERIMENT_RUNNER]:  [93mCalling interaction config hook[0m
[ww 19:07:50] measured phase: 208 units at concurrency 8
[EXPERIMENT_RUNNER]:  [92m... Run completed ...[0m
[EXPERIMENT_RUNNER]:  [93m... Stopping measurement ...[0m
[EXPERIMENT_RUNNER]:  [93mCalling stop_run config hook[0m
[EXPERIMENT_RUNNER]:  [93mCalling populate_run_data config hook[0m
[ww 19:16:33] result: valid=1  E_tok=0.277151 J/tok window=211.572 s
[EXPERIMENT_RUNNER]:  [93mCSVManager: Updated row run_24_repetition_8[0m
[EXPERIMENT_RUNNER]:  [93mCalling before_run config hook[0m

-----------------NEW RUN [231 / 260]-----------------

[EXPERIMENT_RUNNER]:  [93mCalling start_run config hook[0m
[ww 19:16:33] run run_13_repetition_8: {'model': 'llama', 'engine': 'sglang', 'profile': 'chat', 'context': 'medium'}
[ww 19:19:37] sglang ready in 179.12 s; warm-up 60 s
[EXPERIMENT_RUNNER]:  [93m... Starting measurement ...[0m
[EXPERIMENT_RUNNER]:  [93mCalling interaction config hook[0m
[ww 19:21:07] measured phase: 40 units at concurrency 8
[EXPERIMENT_RUNNER]:  [92m... Run completed ...[0m
[EXPERIMENT_RUNNER]:  [93m... Stopping measurement ...[0m
[EXPERIMENT_RUNNER]:  [93mCalling stop_run config hook[0m
[EXPERIMENT_RUNNER]:  [93mCalling populate_run_data config hook[0m
[ww 19:29:50] result: valid=1  E_tok=0.373415 J/tok window=211.198 s
[EXPERIMENT_RUNNER]:  [93mCSVManager: Updated row run_13_repetition_8[0m
[EXPERIMENT_RUNNER]:  [93mCalling before_run config hook[0m

-----------------NEW RUN [232 / 260]-----------------

[EXPERIMENT_RUNNER]:  [93mCalling start_run config hook[0m
[ww 19:29:50] run run_3_repetition_8: {'model': 'llama', 'engine': 'vllm', 'profile': 'chat', 'context': 'small'}
[ww 19:32:11] vllm ready in 136.09 s; warm-up 60 s
[EXPERIMENT_RUNNER]:  [93m... Starting measurement ...[0m
[EXPERIMENT_RUNNER]:  [93mCalling interaction config hook[0m
[ww 19:33:29] measured phase: 48 units at concurrency 8
[EXPERIMENT_RUNNER]:  [92m... Run completed ...[0m
[EXPERIMENT_RUNNER]:  [93m... Stopping measurement ...[0m
[EXPERIMENT_RUNNER]:  [93mCalling stop_run config hook[0m
[EXPERIMENT_RUNNER]:  [93mCalling populate_run_data config hook[0m
[ww 19:42:18] result: valid=1  E_tok=0.29928 J/tok window=219.185 s
[EXPERIMENT_RUNNER]:  [93mCSVManager: Updated row run_3_repetition_8[0m
[EXPERIMENT_RUNNER]:  [93mCalling before_run config hook[0m

-----------------NEW RUN [233 / 260]-----------------

[EXPERIMENT_RUNNER]:  [93mCalling start_run config hook[0m
[ww 19:42:18] run run_12_repetition_8: {'model': 'llama', 'engine': 'sglang', 'profile': 'chat', 'context': 'small'}
[ww 19:45:16] sglang ready in 173.13 s; warm-up 60 s
[EXPERIMENT_RUNNER]:  [93m... Starting measurement ...[0m
[EXPERIMENT_RUNNER]:  [93mCalling interaction config hook[0m
[ww 19:46:34] measured phase: 48 units at concurrency 8
[EXPERIMENT_RUNNER]:  [92m... Run completed ...[0m
[EXPERIMENT_RUNNER]:  [93m... Stopping measurement ...[0m
[EXPERIMENT_RUNNER]:  [93mCalling stop_run config hook[0m
[EXPERIMENT_RUNNER]:  [93mCalling populate_run_data config hook[0m
[ww 19:55:23] result: valid=1  E_tok=0.333216 J/tok window=219.548 s
[EXPERIMENT_RUNNER]:  [93mCSVManager: Updated row run_12_repetition_8[0m
[EXPERIMENT_RUNNER]:  [93mCalling before_run config hook[0m

-----------------NEW RUN [234 / 260]-----------------

[EXPERIMENT_RUNNER]:  [93mCalling start_run config hook[0m
[ww 19:55:24] run run_6_repetition_8: {'model': 'llama', 'engine': 'vllm', 'profile': 'agentic', 'context': 'small'}
[ww 19:57:37] vllm ready in 128.07 s; warm-up 60 s
[EXPERIMENT_RUNNER]:  [93m... Starting measurement ...[0m
[EXPERIMENT_RUNNER]:  [93mCalling interaction config hook[0m
[ww 19:58:53] measured phase: 192 units at concurrency 8
[EXPERIMENT_RUNNER]:  [92m... Run completed ...[0m
[EXPERIMENT_RUNNER]:  [93m... Stopping measurement ...[0m
[EXPERIMENT_RUNNER]:  [93mCalling stop_run config hook[0m
[EXPERIMENT_RUNNER]:  [93mCalling populate_run_data config hook[0m
[ww 20:07:36] result: valid=1  E_tok=0.315889 J/tok window=212.416 s
[EXPERIMENT_RUNNER]:  [93mCSVManager: Updated row run_6_repetition_8[0m
[EXPERIMENT_RUNNER]:  [93mCalling before_run config hook[0m

-----------------NEW RUN [235 / 260]-----------------

[EXPERIMENT_RUNNER]:  [93mCalling start_run config hook[0m
[ww 20:07:36] run run_0_repetition_9: {'model': 'llama', 'engine': 'vllm', 'profile': 'api', 'context': 'small'}
[ww 20:10:00] vllm ready in 139.1 s; warm-up 60 s
[EXPERIMENT_RUNNER]:  [93m... Starting measurement ...[0m
[EXPERIMENT_RUNNER]:  [93mCalling interaction config hook[0m
[ww 20:11:12] measured phase: 184 units at concurrency 8
[EXPERIMENT_RUNNER]:  [92m... Run completed ...[0m
[EXPERIMENT_RUNNER]:  [93m... Stopping measurement ...[0m
[EXPERIMENT_RUNNER]:  [93mCalling stop_run config hook[0m
[EXPERIMENT_RUNNER]:  [93mCalling populate_run_data config hook[0m
[ww 20:20:01] result: valid=1  E_tok=0.323103 J/tok window=217.97 s
[EXPERIMENT_RUNNER]:  [93mCSVManager: Updated row run_0_repetition_9[0m
[EXPERIMENT_RUNNER]:  [93mCalling before_run config hook[0m

-----------------NEW RUN [236 / 260]-----------------

[EXPERIMENT_RUNNER]:  [93mCalling start_run config hook[0m
[ww 20:20:01] run run_19_repetition_9: {'model': 'qwen', 'engine': 'vllm', 'profile': 'api', 'context': 'large'}
[ww 20:22:14] vllm ready in 128.08 s; warm-up 60 s
[EXPERIMENT_RUNNER]:  [93m... Starting measurement ...[0m
[EXPERIMENT_RUNNER]:  [93mCalling interaction config hook[0m
[ww 20:23:31] measured phase: 80 units at concurrency 8
[EXPERIMENT_RUNNER]:  [92m... Run completed ...[0m
[EXPERIMENT_RUNNER]:  [93m... Stopping measurement ...[0m
[EXPERIMENT_RUNNER]:  [93mCalling stop_run config hook[0m
[EXPERIMENT_RUNNER]:  [93mCalling populate_run_data config hook[0m
[ww 20:32:34] result: valid=1  E_tok=1.526108 J/tok window=233.477 s
[EXPERIMENT_RUNNER]:  [93mCSVManager: Updated row run_19_repetition_9[0m
[EXPERIMENT_RUNNER]:  [93mCalling before_run config hook[0m

-----------------NEW RUN [237 / 260]-----------------

[EXPERIMENT_RUNNER]:  [93mCalling start_run config hook[0m
[ww 20:32:34] run run_2_repetition_9: {'model': 'llama', 'engine': 'vllm', 'profile': 'api', 'context': 'large'}
[ww 20:34:54] vllm ready in 134.08 s; warm-up 60 s
[EXPERIMENT_RUNNER]:  [93m... Starting measurement ...[0m
[EXPERIMENT_RUNNER]:  [93mCalling interaction config hook[0m
[ww 20:36:13] measured phase: 64 units at concurrency 8
[EXPERIMENT_RUNNER]:  [92m... Run completed ...[0m
[EXPERIMENT_RUNNER]:  [93m... Stopping measurement ...[0m
[EXPERIMENT_RUNNER]:  [93mCalling stop_run config hook[0m
[EXPERIMENT_RUNNER]:  [93mCalling populate_run_data config hook[0m
[ww 20:45:17] result: valid=1  E_tok=2.01127 J/tok window=237.272 s
[EXPERIMENT_RUNNER]:  [93mCSVManager: Updated row run_2_repetition_9[0m
[EXPERIMENT_RUNNER]:  [93mCalling before_run config hook[0m

-----------------NEW RUN [238 / 260]-----------------

[EXPERIMENT_RUNNER]:  [93mCalling start_run config hook[0m
[ww 20:45:17] run run_16_repetition_9: {'model': 'llama', 'engine': 'sglang', 'profile': 'agentic', 'context': 'medium'}
[ww 20:48:25] sglang ready in 183.12 s; warm-up 60 s
[EXPERIMENT_RUNNER]:  [93m... Starting measurement ...[0m
[EXPERIMENT_RUNNER]:  [93mCalling interaction config hook[0m
[ww 20:49:41] measured phase: 176 units at concurrency 8
[EXPERIMENT_RUNNER]:  [92m... Run completed ...[0m
[EXPERIMENT_RUNNER]:  [93m... Stopping measurement ...[0m
[EXPERIMENT_RUNNER]:  [93mCalling stop_run config hook[0m
[EXPERIMENT_RUNNER]:  [93mCalling populate_run_data config hook[0m
[ww 20:58:30] result: valid=1  E_tok=0.385992 J/tok window=216.944 s
[EXPERIMENT_RUNNER]:  [93mCSVManager: Updated row run_16_repetition_9[0m
[EXPERIMENT_RUNNER]:  [93mCalling before_run config hook[0m

-----------------NEW RUN [239 / 260]-----------------

[EXPERIMENT_RUNNER]:  [93mCalling start_run config hook[0m
[ww 20:58:30] run run_10_repetition_9: {'model': 'llama', 'engine': 'sglang', 'profile': 'api', 'context': 'medium'}
[ww 21:01:32] sglang ready in 177.13 s; warm-up 60 s
[EXPERIMENT_RUNNER]:  [93m... Starting measurement ...[0m
[EXPERIMENT_RUNNER]:  [93mCalling interaction config hook[0m
[ww 21:02:43] measured phase: 136 units at concurrency 8
[EXPERIMENT_RUNNER]:  [92m... Run completed ...[0m
[EXPERIMENT_RUNNER]:  [93m... Stopping measurement ...[0m
[EXPERIMENT_RUNNER]:  [93mCalling stop_run config hook[0m
[EXPERIMENT_RUNNER]:  [93mCalling populate_run_data config hook[0m
[ww 21:11:36] result: valid=1  E_tok=0.550046 J/tok window=220.327 s
[EXPERIMENT_RUNNER]:  [93mCSVManager: Updated row run_10_repetition_9[0m
[EXPERIMENT_RUNNER]:  [93mCalling before_run config hook[0m

-----------------NEW RUN [240 / 260]-----------------

[EXPERIMENT_RUNNER]:  [93mCalling start_run config hook[0m
[ww 21:11:36] run run_3_repetition_9: {'model': 'llama', 'engine': 'vllm', 'profile': 'chat', 'context': 'small'}
[ww 21:13:44] vllm ready in 123.07 s; warm-up 60 s
[EXPERIMENT_RUNNER]:  [93m... Starting measurement ...[0m
[EXPERIMENT_RUNNER]:  [93mCalling interaction config hook[0m
[ww 21:15:02] measured phase: 48 units at concurrency 8
[EXPERIMENT_RUNNER]:  [92m... Run completed ...[0m
[EXPERIMENT_RUNNER]:  [93m... Stopping measurement ...[0m
[EXPERIMENT_RUNNER]:  [93mCalling stop_run config hook[0m
[EXPERIMENT_RUNNER]:  [93mCalling populate_run_data config hook[0m
[ww 21:23:46] result: valid=1  E_tok=0.306644 J/tok window=216.471 s
[EXPERIMENT_RUNNER]:  [93mCSVManager: Updated row run_3_repetition_9[0m
[EXPERIMENT_RUNNER]:  [93mCalling before_run config hook[0m

-----------------NEW RUN [241 / 260]-----------------

[EXPERIMENT_RUNNER]:  [93mCalling start_run config hook[0m
[ww 21:23:46] run run_7_repetition_9: {'model': 'llama', 'engine': 'vllm', 'profile': 'agentic', 'context': 'medium'}
[ww 21:26:13] vllm ready in 142.1 s; warm-up 60 s
[EXPERIMENT_RUNNER]:  [93m... Starting measurement ...[0m
[EXPERIMENT_RUNNER]:  [93mCalling interaction config hook[0m
[ww 21:27:27] measured phase: 176 units at concurrency 8
[EXPERIMENT_RUNNER]:  [92m... Run completed ...[0m
[EXPERIMENT_RUNNER]:  [93m... Stopping measurement ...[0m
[EXPERIMENT_RUNNER]:  [93mCalling stop_run config hook[0m
[EXPERIMENT_RUNNER]:  [93mCalling populate_run_data config hook[0m
[ww 21:36:11] result: valid=1  E_tok=0.369548 J/tok window=216.524 s
[EXPERIMENT_RUNNER]:  [93mCSVManager: Updated row run_7_repetition_9[0m
[EXPERIMENT_RUNNER]:  [93mCalling before_run config hook[0m

-----------------NEW RUN [242 / 260]-----------------

[EXPERIMENT_RUNNER]:  [93mCalling start_run config hook[0m
[ww 21:36:11] run run_6_repetition_9: {'model': 'llama', 'engine': 'vllm', 'profile': 'agentic', 'context': 'small'}
[ww 21:38:31] vllm ready in 135.09 s; warm-up 60 s
[EXPERIMENT_RUNNER]:  [93m... Starting measurement ...[0m
[EXPERIMENT_RUNNER]:  [93mCalling interaction config hook[0m
[ww 21:39:47] measured phase: 192 units at concurrency 8
[EXPERIMENT_RUNNER]:  [92m... Run completed ...[0m
[EXPERIMENT_RUNNER]:  [93m... Stopping measurement ...[0m
[EXPERIMENT_RUNNER]:  [93mCalling stop_run config hook[0m
[EXPERIMENT_RUNNER]:  [93mCalling populate_run_data config hook[0m
[ww 21:48:31] result: valid=1  E_tok=0.286858 J/tok window=212.361 s
[EXPERIMENT_RUNNER]:  [93mCSVManager: Updated row run_6_repetition_9[0m
[EXPERIMENT_RUNNER]:  [93mCalling before_run config hook[0m

-----------------NEW RUN [243 / 260]-----------------

[EXPERIMENT_RUNNER]:  [93mCalling start_run config hook[0m
[ww 21:48:31] run run_1_repetition_9: {'model': 'llama', 'engine': 'vllm', 'profile': 'api', 'context': 'medium'}
[ww 21:50:41] vllm ready in 125.1 s; warm-up 60 s
[EXPERIMENT_RUNNER]:  [93m... Starting measurement ...[0m
[EXPERIMENT_RUNNER]:  [93mCalling interaction config hook[0m
[ww 21:51:52] measured phase: 136 units at concurrency 8
[EXPERIMENT_RUNNER]:  [92m... Run completed ...[0m
[EXPERIMENT_RUNNER]:  [93m... Stopping measurement ...[0m
[EXPERIMENT_RUNNER]:  [93mCalling stop_run config hook[0m
[EXPERIMENT_RUNNER]:  [93mCalling populate_run_data config hook[0m
[ww 22:00:40] result: valid=1  E_tok=0.56644 J/tok window=217.487 s
[EXPERIMENT_RUNNER]:  [93mCSVManager: Updated row run_1_repetition_9[0m
[EXPERIMENT_RUNNER]:  [93mCalling before_run config hook[0m

-----------------NEW RUN [244 / 260]-----------------

[EXPERIMENT_RUNNER]:  [93mCalling start_run config hook[0m
[ww 22:00:40] run run_24_repetition_9: {'model': 'qwen', 'engine': 'sglang', 'profile': 'agentic', 'context': 'small'}
[ww 22:03:27] sglang ready in 162.1 s; warm-up 60 s
[EXPERIMENT_RUNNER]:  [93m... Starting measurement ...[0m
[EXPERIMENT_RUNNER]:  [93mCalling interaction config hook[0m
[ww 22:04:38] measured phase: 208 units at concurrency 8
[EXPERIMENT_RUNNER]:  [92m... Run completed ...[0m
[EXPERIMENT_RUNNER]:  [93m... Stopping measurement ...[0m
[EXPERIMENT_RUNNER]:  [93mCalling stop_run config hook[0m
[EXPERIMENT_RUNNER]:  [93mCalling populate_run_data config hook[0m
[ww 22:13:22] result: valid=1  E_tok=0.259094 J/tok window=211.242 s
[EXPERIMENT_RUNNER]:  [93mCSVManager: Updated row run_24_repetition_9[0m
[EXPERIMENT_RUNNER]:  [93mCalling before_run config hook[0m

-----------------NEW RUN [245 / 260]-----------------

[EXPERIMENT_RUNNER]:  [93mCalling start_run config hook[0m
[ww 22:13:22] run run_15_repetition_9: {'model': 'llama', 'engine': 'sglang', 'profile': 'agentic', 'context': 'small'}
[ww 22:16:25] sglang ready in 178.12 s; warm-up 60 s
[EXPERIMENT_RUNNER]:  [93m... Starting measurement ...[0m
[EXPERIMENT_RUNNER]:  [93mCalling interaction config hook[0m
[ww 22:17:41] measured phase: 192 units at concurrency 8
[EXPERIMENT_RUNNER]:  [92m... Run completed ...[0m
[EXPERIMENT_RUNNER]:  [93m... Stopping measurement ...[0m
[EXPERIMENT_RUNNER]:  [93mCalling stop_run config hook[0m
[EXPERIMENT_RUNNER]:  [93mCalling populate_run_data config hook[0m
[ww 22:26:25] result: valid=1  E_tok=0.280372 J/tok window=211.727 s
[EXPERIMENT_RUNNER]:  [93mCSVManager: Updated row run_15_repetition_9[0m
[EXPERIMENT_RUNNER]:  [93mCalling before_run config hook[0m

-----------------NEW RUN [246 / 260]-----------------

[EXPERIMENT_RUNNER]:  [93mCalling start_run config hook[0m
[ww 22:26:25] run run_13_repetition_9: {'model': 'llama', 'engine': 'sglang', 'profile': 'chat', 'context': 'medium'}
[ww 22:29:20] sglang ready in 170.12 s; warm-up 60 s
[EXPERIMENT_RUNNER]:  [93m... Starting measurement ...[0m
[EXPERIMENT_RUNNER]:  [93mCalling interaction config hook[0m
[ww 22:30:50] measured phase: 40 units at concurrency 8
[EXPERIMENT_RUNNER]:  [92m... Run completed ...[0m
[EXPERIMENT_RUNNER]:  [93m... Stopping measurement ...[0m
[EXPERIMENT_RUNNER]:  [93mCalling stop_run config hook[0m
[EXPERIMENT_RUNNER]:  [93mCalling populate_run_data config hook[0m
[ww 22:39:38] result: valid=1  E_tok=0.372676 J/tok window=212.87 s
[EXPERIMENT_RUNNER]:  [93mCSVManager: Updated row run_13_repetition_9[0m
[EXPERIMENT_RUNNER]:  [93mCalling before_run config hook[0m

-----------------NEW RUN [247 / 260]-----------------

[EXPERIMENT_RUNNER]:  [93mCalling start_run config hook[0m
[ww 22:39:38] run run_9_repetition_9: {'model': 'llama', 'engine': 'sglang', 'profile': 'api', 'context': 'small'}
[ww 22:42:49] sglang ready in 186.11 s; warm-up 60 s
[EXPERIMENT_RUNNER]:  [93m... Starting measurement ...[0m
[EXPERIMENT_RUNNER]:  [93mCalling interaction config hook[0m
[ww 22:44:02] measured phase: 184 units at concurrency 8
[EXPERIMENT_RUNNER]:  [92m... Run completed ...[0m
[EXPERIMENT_RUNNER]:  [93m... Stopping measurement ...[0m
[EXPERIMENT_RUNNER]:  [93mCalling stop_run config hook[0m
[EXPERIMENT_RUNNER]:  [93mCalling populate_run_data config hook[0m
[ww 22:52:55] result: valid=1  E_tok=0.337695 J/tok window=220.612 s
[EXPERIMENT_RUNNER]:  [93mCSVManager: Updated row run_9_repetition_9[0m
[EXPERIMENT_RUNNER]:  [93mCalling before_run config hook[0m

-----------------NEW RUN [248 / 260]-----------------

[EXPERIMENT_RUNNER]:  [93mCalling start_run config hook[0m
[ww 22:52:55] run run_12_repetition_9: {'model': 'llama', 'engine': 'sglang', 'profile': 'chat', 'context': 'small'}
[ww 22:55:58] sglang ready in 177.11 s; warm-up 60 s
[EXPERIMENT_RUNNER]:  [93m... Starting measurement ...[0m
[EXPERIMENT_RUNNER]:  [93mCalling interaction config hook[0m
[ww 22:57:16] measured phase: 48 units at concurrency 8
[EXPERIMENT_RUNNER]:  [92m... Run completed ...[0m
[EXPERIMENT_RUNNER]:  [93m... Stopping measurement ...[0m
[EXPERIMENT_RUNNER]:  [93mCalling stop_run config hook[0m
[EXPERIMENT_RUNNER]:  [93mCalling populate_run_data config hook[0m
[ww 23:06:05] result: valid=1  E_tok=0.321643 J/tok window=219.887 s
[EXPERIMENT_RUNNER]:  [93mCSVManager: Updated row run_12_repetition_9[0m
[EXPERIMENT_RUNNER]:  [93mCalling before_run config hook[0m

-----------------NEW RUN [249 / 260]-----------------

[EXPERIMENT_RUNNER]:  [93mCalling start_run config hook[0m
[ww 23:06:05] run run_21_repetition_9: {'model': 'qwen', 'engine': 'vllm', 'profile': 'agentic', 'context': 'large'}
[ww 23:08:19] vllm ready in 128.08 s; warm-up 60 s
[EXPERIMENT_RUNNER]:  [93m... Starting measurement ...[0m
[EXPERIMENT_RUNNER]:  [93mCalling interaction config hook[0m
[ww 23:09:28] measured phase: 144 units at concurrency 8
[EXPERIMENT_RUNNER]:  [92m... Run completed ...[0m
[EXPERIMENT_RUNNER]:  [93m... Stopping measurement ...[0m
[EXPERIMENT_RUNNER]:  [93mCalling stop_run config hook[0m
[EXPERIMENT_RUNNER]:  [93mCalling populate_run_data config hook[0m
[ww 23:18:21] result: valid=1  E_tok=0.613747 J/tok window=225.994 s
[EXPERIMENT_RUNNER]:  [93mCSVManager: Updated row run_21_repetition_9[0m
[EXPERIMENT_RUNNER]:  [93mCalling before_run config hook[0m

-----------------NEW RUN [250 / 260]-----------------

[EXPERIMENT_RUNNER]:  [93mCalling start_run config hook[0m
[ww 23:18:21] run run_23_repetition_9: {'model': 'qwen', 'engine': 'sglang', 'profile': 'api', 'context': 'large'}
[ww 23:21:10] sglang ready in 163.11 s; warm-up 60 s
[EXPERIMENT_RUNNER]:  [93m... Starting measurement ...[0m
[EXPERIMENT_RUNNER]:  [93mCalling interaction config hook[0m
[ww 23:22:23] measured phase: 80 units at concurrency 8
[EXPERIMENT_RUNNER]:  [92m... Run completed ...[0m
[EXPERIMENT_RUNNER]:  [93m... Stopping measurement ...[0m
[EXPERIMENT_RUNNER]:  [93mCalling stop_run config hook[0m
[EXPERIMENT_RUNNER]:  [93mCalling populate_run_data config hook[0m
[ww 23:31:21] result: valid=1  E_tok=1.436079 J/tok window=224.454 s
[EXPERIMENT_RUNNER]:  [93mCSVManager: Updated row run_23_repetition_9[0m
[EXPERIMENT_RUNNER]:  [93mCalling before_run config hook[0m

-----------------NEW RUN [251 / 260]-----------------

[EXPERIMENT_RUNNER]:  [93mCalling start_run config hook[0m
[ww 23:31:21] run run_5_repetition_9: {'model': 'llama', 'engine': 'vllm', 'profile': 'chat', 'context': 'large'}
[ww 23:33:37] vllm ready in 131.1 s; warm-up 60 s
[EXPERIMENT_RUNNER]:  [93m... Starting measurement ...[0m
[EXPERIMENT_RUNNER]:  [93mCalling interaction config hook[0m
[ww 23:34:53] measured phase: 32 units at concurrency 8
[EXPERIMENT_RUNNER]:  [92m... Run completed ...[0m
[EXPERIMENT_RUNNER]:  [93m... Stopping measurement ...[0m
[EXPERIMENT_RUNNER]:  [93mCalling stop_run config hook[0m
[EXPERIMENT_RUNNER]:  [93mCalling populate_run_data config hook[0m
[ww 23:44:38] result: valid=1  E_tok=0.771898 J/tok window=278.058 s
[EXPERIMENT_RUNNER]:  [93mCSVManager: Updated row run_5_repetition_9[0m
[EXPERIMENT_RUNNER]:  [93mCalling before_run config hook[0m

-----------------NEW RUN [252 / 260]-----------------

[EXPERIMENT_RUNNER]:  [93mCalling start_run config hook[0m
[ww 23:44:38] run run_8_repetition_9: {'model': 'llama', 'engine': 'vllm', 'profile': 'agentic', 'context': 'large'}
[ww 23:47:01] vllm ready in 138.09 s; warm-up 60 s
[EXPERIMENT_RUNNER]:  [93m... Starting measurement ...[0m
[EXPERIMENT_RUNNER]:  [93mCalling interaction config hook[0m
[ww 23:48:11] measured phase: 120 units at concurrency 8
[EXPERIMENT_RUNNER]:  [92m... Run completed ...[0m
[EXPERIMENT_RUNNER]:  [93m... Stopping measurement ...[0m
[EXPERIMENT_RUNNER]:  [93mCalling stop_run config hook[0m
[EXPERIMENT_RUNNER]:  [93mCalling populate_run_data config hook[0m
[ww 23:57:15] result: valid=1  E_tok=0.764466 J/tok window=237.146 s
[EXPERIMENT_RUNNER]:  [93mCSVManager: Updated row run_8_repetition_9[0m
[EXPERIMENT_RUNNER]:  [93mCalling before_run config hook[0m

-----------------NEW RUN [253 / 260]-----------------

[EXPERIMENT_RUNNER]:  [93mCalling start_run config hook[0m
[ww 23:57:15] run run_20_repetition_9: {'model': 'qwen', 'engine': 'vllm', 'profile': 'agentic', 'context': 'small'}
[ww 23:59:24] vllm ready in 124.09 s; warm-up 60 s
[EXPERIMENT_RUNNER]:  [93m... Starting measurement ...[0m
[EXPERIMENT_RUNNER]:  [93mCalling interaction config hook[0m
[ww 00:00:35] measured phase: 208 units at concurrency 8
[EXPERIMENT_RUNNER]:  [92m... Run completed ...[0m
[EXPERIMENT_RUNNER]:  [93m... Stopping measurement ...[0m
[EXPERIMENT_RUNNER]:  [93mCalling stop_run config hook[0m
[EXPERIMENT_RUNNER]:  [93mCalling populate_run_data config hook[0m
[ww 00:09:18] result: valid=1  E_tok=0.285607 J/tok window=213.058 s
[EXPERIMENT_RUNNER]:  [93mCSVManager: Updated row run_20_repetition_9[0m
[EXPERIMENT_RUNNER]:  [93mCalling before_run config hook[0m

-----------------NEW RUN [254 / 260]-----------------

[EXPERIMENT_RUNNER]:  [93mCalling start_run config hook[0m
[ww 00:09:18] run run_17_repetition_9: {'model': 'llama', 'engine': 'sglang', 'profile': 'agentic', 'context': 'large'}
[ww 00:12:21] sglang ready in 178.12 s; warm-up 60 s
[EXPERIMENT_RUNNER]:  [93m... Starting measurement ...[0m
[EXPERIMENT_RUNNER]:  [93mCalling interaction config hook[0m
[ww 00:13:41] measured phase: 120 units at concurrency 8
[EXPERIMENT_RUNNER]:  [92m... Run completed ...[0m
[EXPERIMENT_RUNNER]:  [93m... Stopping measurement ...[0m
[EXPERIMENT_RUNNER]:  [93mCalling stop_run config hook[0m
[EXPERIMENT_RUNNER]:  [93mCalling populate_run_data config hook[0m
[ww 00:22:24] result: valid=1  E_tok=0.64016 J/tok window=215.508 s
[EXPERIMENT_RUNNER]:  [93mCSVManager: Updated row run_17_repetition_9[0m
[EXPERIMENT_RUNNER]:  [93mCalling before_run config hook[0m

-----------------NEW RUN [255 / 260]-----------------

[EXPERIMENT_RUNNER]:  [93mCalling start_run config hook[0m
[ww 00:22:24] run run_14_repetition_9: {'model': 'llama', 'engine': 'sglang', 'profile': 'chat', 'context': 'large'}
[ww 00:25:11] sglang ready in 162.11 s; warm-up 60 s
[EXPERIMENT_RUNNER]:  [93m... Starting measurement ...[0m
[EXPERIMENT_RUNNER]:  [93mCalling interaction config hook[0m
[ww 00:26:23] measured phase: 32 units at concurrency 8
[EXPERIMENT_RUNNER]:  [92m... Run completed ...[0m
[EXPERIMENT_RUNNER]:  [93m... Stopping measurement ...[0m
[EXPERIMENT_RUNNER]:  [93mCalling stop_run config hook[0m
[EXPERIMENT_RUNNER]:  [93mCalling populate_run_data config hook[0m
[ww 00:35:53] result: valid=1  E_tok=0.677247 J/tok window=261.433 s
[EXPERIMENT_RUNNER]:  [93mCSVManager: Updated row run_14_repetition_9[0m
[EXPERIMENT_RUNNER]:  [93mCalling before_run config hook[0m

-----------------NEW RUN [256 / 260]-----------------

[EXPERIMENT_RUNNER]:  [93mCalling start_run config hook[0m
[ww 00:35:53] run run_18_repetition_9: {'model': 'qwen', 'engine': 'vllm', 'profile': 'api', 'context': 'small'}
[ww 00:38:07] vllm ready in 128.08 s; warm-up 60 s
[EXPERIMENT_RUNNER]:  [93m... Starting measurement ...[0m
[EXPERIMENT_RUNNER]:  [93mCalling interaction config hook[0m
[ww 00:39:22] measured phase: 192 units at concurrency 8
[EXPERIMENT_RUNNER]:  [92m... Run completed ...[0m
[EXPERIMENT_RUNNER]:  [93m... Stopping measurement ...[0m
[EXPERIMENT_RUNNER]:  [93mCalling stop_run config hook[0m
[EXPERIMENT_RUNNER]:  [93mCalling populate_run_data config hook[0m
[ww 00:48:00] result: valid=1  E_tok=0.32161 J/tok window=210.254 s
[EXPERIMENT_RUNNER]:  [93mCSVManager: Updated row run_18_repetition_9[0m
[EXPERIMENT_RUNNER]:  [93mCalling before_run config hook[0m

-----------------NEW RUN [257 / 260]-----------------

[EXPERIMENT_RUNNER]:  [93mCalling start_run config hook[0m
[ww 00:48:00] run run_25_repetition_9: {'model': 'qwen', 'engine': 'sglang', 'profile': 'agentic', 'context': 'large'}
[ww 00:50:30] sglang ready in 145.11 s; warm-up 60 s
[EXPERIMENT_RUNNER]:  [93m... Starting measurement ...[0m
[EXPERIMENT_RUNNER]:  [93mCalling interaction config hook[0m
[ww 00:51:39] measured phase: 144 units at concurrency 8
[EXPERIMENT_RUNNER]:  [92m... Run completed ...[0m
[EXPERIMENT_RUNNER]:  [93m... Stopping measurement ...[0m
[EXPERIMENT_RUNNER]:  [93mCalling stop_run config hook[0m
[EXPERIMENT_RUNNER]:  [93mCalling populate_run_data config hook[0m
[ww 01:00:32] result: valid=1  E_tok=0.599056 J/tok window=218.586 s
[EXPERIMENT_RUNNER]:  [93mCSVManager: Updated row run_25_repetition_9[0m
[EXPERIMENT_RUNNER]:  [93mCalling before_run config hook[0m

-----------------NEW RUN [258 / 260]-----------------

[EXPERIMENT_RUNNER]:  [93mCalling start_run config hook[0m
[ww 01:00:32] run run_22_repetition_9: {'model': 'qwen', 'engine': 'sglang', 'profile': 'api', 'context': 'small'}
[ww 01:03:20] sglang ready in 163.12 s; warm-up 60 s
[EXPERIMENT_RUNNER]:  [93m... Starting measurement ...[0m
[EXPERIMENT_RUNNER]:  [93mCalling interaction config hook[0m
[ww 01:04:36] measured phase: 192 units at concurrency 8
[EXPERIMENT_RUNNER]:  [92m... Run completed ...[0m
[EXPERIMENT_RUNNER]:  [93m... Stopping measurement ...[0m
[EXPERIMENT_RUNNER]:  [93mCalling stop_run config hook[0m
[EXPERIMENT_RUNNER]:  [93mCalling populate_run_data config hook[0m
[ww 01:13:19] result: valid=1  E_tok=0.321181 J/tok window=211.436 s
[EXPERIMENT_RUNNER]:  [93mCSVManager: Updated row run_22_repetition_9[0m
[EXPERIMENT_RUNNER]:  [93mCalling before_run config hook[0m

-----------------NEW RUN [259 / 260]-----------------

[EXPERIMENT_RUNNER]:  [93mCalling start_run config hook[0m
[ww 01:13:19] run run_4_repetition_9: {'model': 'llama', 'engine': 'vllm', 'profile': 'chat', 'context': 'medium'}
[ww 01:15:18] vllm ready in 114.1 s; warm-up 60 s
[EXPERIMENT_RUNNER]:  [93m... Starting measurement ...[0m
[EXPERIMENT_RUNNER]:  [93mCalling interaction config hook[0m
[ww 01:16:48] measured phase: 40 units at concurrency 8
[EXPERIMENT_RUNNER]:  [92m... Run completed ...[0m
[EXPERIMENT_RUNNER]:  [93m... Stopping measurement ...[0m
[EXPERIMENT_RUNNER]:  [93mCalling stop_run config hook[0m
[EXPERIMENT_RUNNER]:  [93mCalling populate_run_data config hook[0m
[ww 01:25:32] result: valid=1  E_tok=0.404846 J/tok window=213.566 s
[EXPERIMENT_RUNNER]:  [93mCSVManager: Updated row run_4_repetition_9[0m
[EXPERIMENT_RUNNER]:  [93mCalling before_run config hook[0m

-----------------NEW RUN [260 / 260]-----------------

[EXPERIMENT_RUNNER]:  [93mCalling start_run config hook[0m
[ww 01:25:32] run run_11_repetition_9: {'model': 'llama', 'engine': 'sglang', 'profile': 'api', 'context': 'large'}
[ww 01:28:33] sglang ready in 176.11 s; warm-up 60 s
[EXPERIMENT_RUNNER]:  [93m... Starting measurement ...[0m
[EXPERIMENT_RUNNER]:  [93mCalling interaction config hook[0m
[ww 01:30:00] measured phase: 64 units at concurrency 8
[EXPERIMENT_RUNNER]:  [92m... Run completed ...[0m
[EXPERIMENT_RUNNER]:  [93m... Stopping measurement ...[0m
[EXPERIMENT_RUNNER]:  [93mCalling stop_run config hook[0m
[EXPERIMENT_RUNNER]:  [93mCalling populate_run_data config hook[0m
[ww 01:38:54] result: valid=1  E_tok=1.705383 J/tok window=219.145 s
[EXPERIMENT_RUNNER]:  [93mCSVManager: Updated row run_11_repetition_9[0m
[EXPERIMENT_RUNNER]:  [92mExperiment completed...[0m
[EXPERIMENT_RUNNER]:  [93mCalling after_experiment config hook[0m
requeue run_17_repetition_5: contaminated
1 runs requeued; 259/260 DONE
round 1: requeued 1 invalid runs
=== round 2 2026-09-30 01:38:54
/home/admin/greenlab_exp/experiment-runner/experiment-runner/__main__.py:44: DeprecationWarning: ast.Str is deprecated and will be removed in Python 3.14; use ast.Constant instead
  if isinstance(docstring_node, ast.Str):
/home/admin/greenlab_exp/experiment-runner/experiment-runner/__main__.py:45: DeprecationWarning: Attribute s is deprecated and will be removed in Python 3.14; use value instead
  docstring_node.s = ''
=======================  ========================================================
Key                      Value
=======================  ========================================================
ROOT_DIR                 /home/admin/greenlab_exp/ww-experiment
experiment_path          /home/admin/greenlab_exp/experiments/ww_vllm_sglang_gx10
name                     ww_vllm_sglang_gx10
operation_type           OperationType.AUTO
results_output_path      /home/admin/greenlab_exp/experiments
run_table_model
self_measure             False
time_between_runs_in_ms  0
=======================  ========================================================
[EXPERIMENT_RUNNER]:  [93mReusing already existing experiment path: /home/admin/greenlab_exp/experiments/ww_vllm_sglang_gx10[0m
[EXPERIMENT_RUNNER]:  [93m>> WARNING << -- Experiment is restarted![0m
[EXPERIMENT_RUNNER]:  [93mExperiment run table created...[0m
[EXPERIMENT_RUNNER]:  [92mExperiment setup completed...[0m
[EXPERIMENT_RUNNER]:  [93mCalling before_experiment config hook[0m
[ww 01:38:55] idle baseline: {
  "power_W": 4.342291986443511,
  "temp_C": 33.0,
  "cpu_util_pct": 0.259
}
[EXPERIMENT_RUNNER]:  [93mCalling before_run config hook[0m

-----------------NEW RUN [151 / 260]-----------------

[EXPERIMENT_RUNNER]:  [93mCalling start_run config hook[0m
[ww 01:38:56] run run_17_repetition_5: {'model': 'llama', 'engine': 'sglang', 'profile': 'agentic', 'context': 'large'}
[ww 01:41:53] sglang ready in 172.11 s; warm-up 60 s
[EXPERIMENT_RUNNER]:  [93m... Starting measurement ...[0m
[EXPERIMENT_RUNNER]:  [93mCalling interaction config hook[0m
[ww 01:43:13] measured phase: 120 units at concurrency 8
[EXPERIMENT_RUNNER]:  [92m... Run completed ...[0m
[EXPERIMENT_RUNNER]:  [93m... Stopping measurement ...[0m
[EXPERIMENT_RUNNER]:  [93mCalling stop_run config hook[0m
[EXPERIMENT_RUNNER]:  [93mCalling populate_run_data config hook[0m
[ww 01:52:01] result: valid=1  E_tok=0.717556 J/tok window=214.632 s
[EXPERIMENT_RUNNER]:  [93mCSVManager: Updated row run_17_repetition_5[0m
[EXPERIMENT_RUNNER]:  [92mExperiment completed...[0m
[EXPERIMENT_RUNNER]:  [93mCalling after_experiment config hook[0m
0 runs requeued; 260/260 DONE
round 2: requeued 0 invalid runs
MAIN_EXPERIMENT_FINISHED 2026-09-30 01:52:01
